Workbook
Name BaseArmour: BaseStats!$D:$D
Name ArmourGain: BaseStats!$E:$E
Name basename: BaseStats!$A:$A
Name HP: Combat!$C:$C
Name Unit: Combat!$A:$A
Name Level: Combat!$B:$B
Name BaseHP: BaseStats!$B:$B
Name baseenrage: BaseStats!$J:$J
Name pengain: BaseStats!$I:$I
Name ArmourPen: Combat!$F:$F
Name HPGain: BaseStats!$C:$C
Name DMG: Combat!$E:$E
Name enragegain: BaseStats!$K:$K
Name damageGain: BaseStats!$G:$G
Name Enrage: Combat!$G:$G
Name Armour: Combat!$D:$D
Name BaseDMG: BaseStats!$F:$F
Name Basepen: BaseStats!$H:$H

Sheet Combat Simulator
A1: Winner | D1: Select 1st Unit | E1: Set 1st unit level
A2: =Combat!P2 -> Berserker | D2: Berserker | E2: 2
D3: Select 2nd Unit | E3: Set 2nd unit level
D4: Archer
A7: Select a Unit from the drop down and set it's level. If no level is set the level will automatically default to 1

Sheet ExportTable
A1: UnitID | B1: FlavorName | C1: Tier | D1: Requirement1 | E1: Requirement2 | F1: Requirement3 | G1: Cost_Gold | H1: Cost_Wood | I1: Cost_Metal | J1: TrainingTime | K1: HealCost_Gold | L1: HealCost_Wood | M1: HealCost_Metal | N1: HealTime | O1: CommandSize | P1: UnitType | Q1: HitPoints | R1: Armor | S1: Damage | T1: ArmorPiercing
A2: =Econ!A2&if(Econ!B2<10,"_0"&Econ!B2,"_"&Econ!B2) -> Archer_01 | B2: ="T"&Econ!B2&" "&Econ!A2 -> T1 Archer | C2: =Econ!B2 -> 1 | G2: =Econ!L2 | H2: =Econ!M2 -> 10 | I2: =Econ!N2 | J2: =Econ!O2 -> 25 | K2: =Econ!P2 -> 0 | L2: =Econ!Q2 -> 2.5 | M2: =Econ!R2 -> 0 | N2: =Econ!S2 -> 6.25 | O2: =Econ!T2 -> 1 | P2: =Econ!A2 -> Archer | Q2: =Econ!C2 -> 150 | R2: =Econ!E2 -> 5 | S2: =Econ!G2 -> 100 | T2: =Econ!I2 -> 10
A3: =Econ!A3&if(Econ!B3<10,"_0"&Econ!B3,"_"&Econ!B3) -> Archer_02 | B3: ="T"&Econ!B3&" "&Econ!A3 -> T2 Archer | C3: =Econ!B3 -> 2 | G3: =Econ!L3 | H3: =Econ!M3 -> 13 | I3: =Econ!N3 | J3: =Econ!O3 -> 27 | K3: =Econ!P3 -> 0 | L3: =Econ!Q3 -> 3.25 | M3: =Econ!R3 -> 0 | N3: =Econ!S3 -> 6.75 | O3: =Econ!T3 -> 1 | P3: =Econ!A3 -> Archer | Q3: =Econ!C3 -> 157.5 | R3: =Econ!E3 -> 5.1 | S3: =Econ!G3 -> 105 | T3: =Econ!I3 -> 10.2
A4: =Econ!A4&if(Econ!B4<10,"_0"&Econ!B4,"_"&Econ!B4) -> Archer_03 | B4: ="T"&Econ!B4&" "&Econ!A4 -> T3 Archer | C4: =Econ!B4 -> 3 | G4: =Econ!L4 | H4: =Econ!M4 -> 17 | I4: =Econ!N4 | J4: =Econ!O4 -> 30 | K4: =Econ!P4 -> 0 | L4: =Econ!Q4 -> 4.25 | M4: =Econ!R4 -> 0 | N4: =Econ!S4 -> 7.5 | O4: =Econ!T4 -> 1 | P4: =Econ!A4 -> Archer | Q4: =Econ!C4 -> 165.375 | R4: =Econ!E4 -> 5.202 | S4: =Econ!G4 -> 110.25 | T4: =Econ!I4 -> 10.404
A5: =Econ!A5&if(Econ!B5<10,"_0"&Econ!B5,"_"&Econ!B5) -> Archer_04 | B5: ="T"&Econ!B5&" "&Econ!A5 -> T4 Archer | C5: =Econ!B5 -> 4 | G5: =Econ!L5 | H5: =Econ!M5 -> 22 | I5: =Econ!N5 | J5: =Econ!O5 -> 33 | K5: =Econ!P5 -> 0 | L5: =Econ!Q5 -> 5.5 | M5: =Econ!R5 -> 0 | N5: =Econ!S5 -> 8.25 | O5: =Econ!T5 -> 1 | P5: =Econ!A5 -> Archer | Q5: =Econ!C5 -> 173.64375 | R5: =Econ!E5 -> 5.30604 | S5: =Econ!G5 -> 115.7625 | T5: =Econ!I5 -> 10.61208
A6: =Econ!A6&if(Econ!B6<10,"_0"&Econ!B6,"_"&Econ!B6) -> Archer_05 | B6: ="T"&Econ!B6&" "&Econ!A6 -> T5 Archer | C6: =Econ!B6 -> 5 | G6: =Econ!L6 | H6: =Econ!M6 -> 28 | I6: =Econ!N6 | J6: =Econ!O6 -> 36 | K6: =Econ!P6 -> 0 | L6: =Econ!Q6 -> 7 | M6: =Econ!R6 -> 0 | N6: =Econ!S6 -> 9 | O6: =Econ!T6 -> 2 | P6: =Econ!A6 -> Archer | Q6: =Econ!C6 -> 182.32594 | R6: =Econ!E6 -> 5.4121608 | S6: =Econ!G6 -> 121.55062 | T6: =Econ!I6 -> 10.824322
A7: =Econ!A7&if(Econ!B7<10,"_0"&Econ!B7,"_"&Econ!B7) -> Archer_06 | B7: ="T"&Econ!B7&" "&Econ!A7 -> T6 Archer | C7: =Econ!B7 -> 6 | G7: =Econ!L7 | H7: =Econ!M7 -> 35 | I7: =Econ!N7 | J7: =Econ!O7 -> 40 | K7: =Econ!P7 -> 0 | L7: =Econ!Q7 -> 8.75 | M7: =Econ!R7 -> 0 | N7: =Econ!S7 -> 10 | O7: =Econ!T7 -> 2 | P7: =Econ!A7 -> Archer | Q7: =Econ!C7 -> 191.44223 | R7: =Econ!E7 -> 5.520404 | S7: =Econ!G7 -> 127.62816 | T7: =Econ!I7 -> 11.040808
A8: =Econ!A8&if(Econ!B8<10,"_0"&Econ!B8,"_"&Econ!B8) -> Archer_07 | B8: ="T"&Econ!B8&" "&Econ!A8 -> T7 Archer | C8: =Econ!B8 -> 7 | G8: =Econ!L8 | H8: =Econ!M8 -> 43 | I8: =Econ!N8 | J8: =Econ!O8 -> 44 | K8: =Econ!P8 -> 0 | L8: =Econ!Q8 -> 10.75 | M8: =Econ!R8 -> 0 | N8: =Econ!S8 -> 11 | O8: =Econ!T8 -> 2 | P8: =Econ!A8 -> Archer | Q8: =Econ!C8 -> 201.01435 | R8: =Econ!E8 -> 5.6308121 | S8: =Econ!G8 -> 134.00956 | T8: =Econ!I8 -> 11.261624
A9: =Econ!A9&if(Econ!B9<10,"_0"&Econ!B9,"_"&Econ!B9) -> Archer_08 | B9: ="T"&Econ!B9&" "&Econ!A9 -> T8 Archer | C9: =Econ!B9 -> 8 | G9: =Econ!L9 | H9: =Econ!M9 -> 51 | I9: =Econ!N9 | J9: =Econ!O9 -> 49 | K9: =Econ!P9 -> 0 | L9: =Econ!Q9 -> 12.75 | M9: =Econ!R9 -> 0 | N9: =Econ!S9 -> 12.25 | O9: =Econ!T9 -> 2 | P9: =Econ!A9 -> Archer | Q9: =Econ!C9 -> 211.06506 | R9: =Econ!E9 -> 5.7434283 | S9: =Econ!G9 -> 140.71004 | T9: =Econ!I9 -> 11.486857
A10: =Econ!A10&if(Econ!B10<10,"_0"&Econ!B10,"_"&Econ!B10) -> Archer_09 | B10: ="T"&Econ!B10&" "&Econ!A10 -> T9 Archer | C10: =Econ!B10 -> 9 | G10: =Econ!L10 | H10: =Econ!M10 -> 60 | I10: =Econ!N10 | J10: =Econ!O10 -> 54 | K10: =Econ!P10 -> 0 | L10: =Econ!Q10 -> 15 | M10: =Econ!R10 -> 0 | N10: =Econ!S10 -> 13.5 | O10: =Econ!T10 -> 2 | P10: =Econ!A10 -> Archer | Q10: =Econ!C10 -> 221.61832 | R10: =Econ!E10 -> 5.8582969 | S10: =Econ!G10 -> 147.74554 | T10: =Econ!I10 -> 11.716594
A11: =Econ!A11&if(Econ!B11<10,"_0"&Econ!B11,"_"&Econ!B11) -> Archer_10 | B11: ="T"&Econ!B11&" "&Econ!A11 -> T10 Archer | C11: =Econ!B11 -> 10 | G11: =Econ!L11 | H11: =Econ!M11 -> 70 | I11: =Econ!N11 | J11: =Econ!O11 -> 59 | K11: =Econ!P11 -> 0 | L11: =Econ!Q11 -> 17.5 | M11: =Econ!R11 -> 0 | N11: =Econ!S11 -> 14.75 | O11: =Econ!T11 -> 2 | P11: =Econ!A11 -> Archer | Q11: =Econ!C11 -> 232.69923 | R11: =Econ!E11 -> 5.9754628 | S11: =Econ!G11 -> 155.13282 | T11: =Econ!I11 -> 11.950926
A12: =Econ!A12&if(Econ!B12<10,"_0"&Econ!B12,"_"&Econ!B12) -> Archer_11 | B12: ="T"&Econ!B12&" "&Econ!A12 -> T11 Archer | C12: =Econ!B12 -> 11 | G12: =Econ!L12 | H12: =Econ!M12 -> 80 | I12: =Econ!N12 | J12: =Econ!O12 -> 65 | K12: =Econ!P12 -> 0 | L12: =Econ!Q12 -> 20 | M12: =Econ!R12 -> 0 | N12: =Econ!S12 -> 16.25 | O12: =Econ!T12 -> 2 | P12: =Econ!A12 -> Archer | Q12: =Econ!C12 -> 244.33419 | R12: =Econ!E12 -> 6.0949721 | S12: =Econ!G12 -> 162.88946 | T12: =Econ!I12 -> 12.189944
A13: =Econ!A13&if(Econ!B13<10,"_0"&Econ!B13,"_"&Econ!B13) -> Archer_12 | B13: ="T"&Econ!B13&" "&Econ!A13 -> T12 Archer | C13: =Econ!B13 -> 12 | G13: =Econ!L13 | H13: =Econ!M13 -> 91 | I13: =Econ!N13 | J13: =Econ!O13 -> 71 | K13: =Econ!P13 -> 0 | L13: =Econ!Q13 -> 22.75 | M13: =Econ!R13 -> 0 | N13: =Econ!S13 -> 17.75 | O13: =Econ!T13 -> 2 | P13: =Econ!A13 -> Archer | Q13: =Econ!C13 -> 256.5509 | R13: =Econ!E13 -> 6.2168715 | S13: =Econ!G13 -> 171.03394 | T13: =Econ!I13 -> 12.433743
... A901: =Econ!A901&if(Econ!B901<10,"_0"&Econ!B901,"_"&Econ!B901) -> Knight_300 | B901: ="T"&Econ!B901&" "&Econ!A901 -> T300 Knight | C901: =Econ!B901 -> 300 | G901: =Econ!L901 | H901: =Econ!M901 -> 56230 | I901: =Econ!N901 -> 9744 | J901: =Econ!O901 -> 9865 | K901: =Econ!P901 -> 0 | L901: =Econ!Q901 -> 14057.5 | M901: =Econ!R901 -> 2436 | N901: =Econ!S901 -> 2466.25 | O901: =Econ!T901 -> 31 | P901: =Econ!A901 -> Knight | Q901: =Econ!C901 -> 7.5799871e+08 | R901: =Econ!E901 -> 16775.052 | S901: =Econ!G901 -> 97456977 | T901: =Econ!I901 -> 0

Sheet BaseStats
A1: Name | B1: HP | C1: Level Gains | D1: Armour | E1: Level Gains | F1: DMG | G1: Level Gains | H1: ArmourPen | I1: Level Gains | J1: Enrage | K1: Level Gains | L1: Level Gains | M1: HP
A2: Knight | B2: 350 | C2: 0.05 | D2: 45 | E2: 0.02 | F2: 45 | G2: 0.05 | H2: 0 | I2: 0 | J2: 0 | K2: 0 | L2: HP | M2: 0.1
A3: Archer | B3: 150 | C3: 0.05 | D3: 5 | E3: 0.02 | F3: 100 | G3: 0.05 | H3: 10 | I3: 0.02 | J3: 0 | K3: 0 | L3: DMG | M3: 0.1
A4: Pikeman | B4: 300 | C4: 0.05 | D4: 10 | E4: 0.02 | F4: 45 | G4: 0.05 | H4: 45 | I4: 0.02 | J4: 0 | K4: 0 | L4: Armour | M4: 0.05
A5: Berserker | B5: 280 | C5: 0.05 | D5: 12 | E5: 0.02 | F5: 40 | G5: 0.05 | H5: 10 | I5: 0.02 | J5: 0.1 | K5: 0 | L5: ArmourPen | M5: 0.04
L6: Enrage | M6: 0.08

Sheet Combat
A1: UnitA | B1: Level | C1: HP | D1: Armour | E1: DMG | F1: ArmourPen | G1: Enrage | H1: Round | I1: UnitA | J1: Hp Left | K1: effective DMG | L1: Unitb | M1: Hp Left | N1: effective DMG | P1: winner
A2: ='Combat Simulator'!D2 -> Berserker | B2: =IF('Combat Simulator'!E2<1,1,'Combat Simulator'!E2) -> 2 | C2: {=index(BaseHP,match(A2,basename,0))*((1+index(HPGain,match(A2,basename,0)))^(B2-1))} -> 294 | D2: {=index(BaseArmour,match(A2,basename,0))*((1+index(ArmourGain,match(A2,basename,0)))^(B2-1))} -> 12.24 | E2: {=index(BaseDMG,match(A2,basename,0))*((1+index(damageGain,match(A2,basename,0)))^(B2-1))} -> 42 | F2: {=index(Basepen,match(A2,basename,0))*((1+index(pengain,match(A2,basename,0)))^(B2-1))} -> 10.2 | G2: {=index(baseenrage,match(A2,basename,0))*((1+index(enragegain,match(A2,basename,0)))^(B2-1))} -> 0.1 | H2: 1 | I2: =A2 -> Berserker | J2: {=index(HP,match(I2,Unit,0))} -> 294 | K2: {=max((index(DMG,match(I2,Unit,0))+(index(HP,match(I2,Unit,0))-J2)*index(Enrage,match(I2,Unit,0)))-max((index(Armour,match(L2,Unit,0))-index(ArmourPen,match(I2,Unit,0))),0))} -> 42 | L2: =A4 -> Archer | M2: {=index(HP,match(L2,Unit,0))} -> 150 | N2: {=(index(DMG,match(L2,Unit,0))+(index(HP,match(L2,Unit,0))-M2)*index(Enrage,match(L2,Unit,0)))-max((index(Armour,match(I2,Unit,0))-index(ArmourPen,match(L2,Unit,0))),0)} -> 97.76 | P2: {=IF(MATCH(TRUE, (J:J<=0) + (M:M<=0) > 0, 0) = MATCH(TRUE, J:J<=0, 0), L2, I2)} -> Berserker
A3: UnitB | H3: 2 | I3: =I2 -> Berserker | J3: =IF(J2-N2<0,0,J2-N2) -> 196.24 | K3: {=max((index(DMG,match(I3,Unit,0))+(index(HP,match(I3,Unit,0))-J3)*index(Enrage,match(I3,Unit,0)))-max((index(Armour,match(L3,Unit,0))-index(ArmourPen,match(I3,Unit,0))),0))} -> 51.776 | L3: =L2 -> Archer | M3: =IF(M2-K2<0,0,M2-K2) -> 108 | N3: {=(index(DMG,match(L3,Unit,0))+(index(HP,match(L3,Unit,0))-M3)*index(Enrage,match(L3,Unit,0)))-max((index(Armour,match(I3,Unit,0))-index(ArmourPen,match(L3,Unit,0))),0)} -> 97.76
A4: ='Combat Simulator'!D4 -> Archer | B4: =if('Combat Simulator'!E4<1,1,'Combat Simulator'!E4) -> 1 | C4: {=index(BaseHP,match(A4,basename,0))*((1+index(HPGain,match(A4,basename,0)))^(B4-1))} -> 150 | D4: {=index(BaseArmour,match(A4,basename,0))*((1+index(ArmourGain,match(A4,basename,0)))^(B4-1))} -> 5 | E4: {=index(BaseDMG,match(A4,basename,0))*((1+index(damageGain,match(A4,basename,0)))^(B4-1))} -> 100 | F4: {=index(Basepen,match(A4,basename,0))*((1+index(pengain,match(A4,basename,0)))^(B4-1))} -> 10 | G4: {=index(baseenrage,match(A4,basename,0))*((1+index(enragegain,match(A4,basename,0)))^(B4-1))} -> 0 | H4: 3 | I4: =I3 -> Berserker | J4: =IF(J3-N3<0,0,J3-N3) -> 98.48 | K4: {=max((index(DMG,match(I4,Unit,0))+(index(HP,match(I4,Unit,0))-J4)*index(Enrage,match(I4,Unit,0)))-max((index(Armour,match(L4,Unit,0))-index(ArmourPen,match(I4,Unit,0))),0))} -> 61.552 | L4: =L3 -> Archer | M4: =IF(M3-K3<0,0,M3-K3) -> 56.224 | N4: {=(index(DMG,match(L4,Unit,0))+(index(HP,match(L4,Unit,0))-M4)*index(Enrage,match(L4,Unit,0)))-max((index(Armour,match(I4,Unit,0))-index(ArmourPen,match(L4,Unit,0))),0)} -> 97.76
H5: 4 | I5: =I4 -> Berserker | J5: =IF(J4-N4<0,0,J4-N4) -> 0.72 | K5: {=max((index(DMG,match(I5,Unit,0))+(index(HP,match(I5,Unit,0))-J5)*index(Enrage,match(I5,Unit,0)))-max((index(Armour,match(L5,Unit,0))-index(ArmourPen,match(I5,Unit,0))),0))} -> 71.328 | L5: =L4 -> Archer | M5: =IF(M4-K4<0,0,M4-K4) -> 0 | N5: {=(index(DMG,match(L5,Unit,0))+(index(HP,match(L5,Unit,0))-M5)*index(Enrage,match(L5,Unit,0)))-max((index(Armour,match(I5,Unit,0))-index(ArmourPen,match(L5,Unit,0))),0)} -> 97.76
H6: 5 | I6: =I5 -> Berserker | J6: =IF(J5-N5<0,0,J5-N5) -> 0 | K6: {=max((index(DMG,match(I6,Unit,0))+(index(HP,match(I6,Unit,0))-J6)*index(Enrage,match(I6,Unit,0)))-max((index(Armour,match(L6,Unit,0))-index(ArmourPen,match(I6,Unit,0))),0))} -> 71.4 | L6: =L5 -> Archer | M6: =IF(M5-K5<0,0,M5-K5) -> 0 | N6: {=(index(DMG,match(L6,Unit,0))+(index(HP,match(L6,Unit,0))-M6)*index(Enrage,match(L6,Unit,0)))-max((index(Armour,match(I6,Unit,0))-index(ArmourPen,match(L6,Unit,0))),0)} -> 97.76
H7: 6 | I7: =I6 -> Berserker | J7: =IF(J6-N6<0,0,J6-N6) -> 0 | K7: {=max((index(DMG,match(I7,Unit,0))+(index(HP,match(I7,Unit,0))-J7)*index(Enrage,match(I7,Unit,0)))-max((index(Armour,match(L7,Unit,0))-index(ArmourPen,match(I7,Unit,0))),0))} -> 71.4 | L7: =L6 -> Archer | M7: =IF(M6-K6<0,0,M6-K6) -> 0 | N7: {=(index(DMG,match(L7,Unit,0))+(index(HP,match(L7,Unit,0))-M7)*index(Enrage,match(L7,Unit,0)))-max((index(Armour,match(I7,Unit,0))-index(ArmourPen,match(L7,Unit,0))),0)} -> 97.76
H8: 7 | I8: =I7 -> Berserker | J8: =IF(J7-N7<0,0,J7-N7) -> 0 | K8: {=max((index(DMG,match(I8,Unit,0))+(index(HP,match(I8,Unit,0))-J8)*index(Enrage,match(I8,Unit,0)))-max((index(Armour,match(L8,Unit,0))-index(ArmourPen,match(I8,Unit,0))),0))} -> 71.4 | L8: =L7 -> Archer | M8: =IF(M7-K7<0,0,M7-K7) -> 0 | N8: {=(index(DMG,match(L8,Unit,0))+(index(HP,match(L8,Unit,0))-M8)*index(Enrage,match(L8,Unit,0)))-max((index(Armour,match(I8,Unit,0))-index(ArmourPen,match(L8,Unit,0))),0)} -> 97.76
H9: 8 | I9: =I8 -> Berserker | J9: =IF(J8-N8<0,0,J8-N8) -> 0 | K9: {=max((index(DMG,match(I9,Unit,0))+(index(HP,match(I9,Unit,0))-J9)*index(Enrage,match(I9,Unit,0)))-max((index(Armour,match(L9,Unit,0))-index(ArmourPen,match(I9,Unit,0))),0))} -> 71.4 | L9: =L8 -> Archer | M9: =IF(M8-K8<0,0,M8-K8) -> 0 | N9: {=(index(DMG,match(L9,Unit,0))+(index(HP,match(L9,Unit,0))-M9)*index(Enrage,match(L9,Unit,0)))-max((index(Armour,match(I9,Unit,0))-index(ArmourPen,match(L9,Unit,0))),0)} -> 97.76
H10: 9 | I10: =I9 -> Berserker | J10: =IF(J9-N9<0,0,J9-N9) -> 0 | K10: {=max((index(DMG,match(I10,Unit,0))+(index(HP,match(I10,Unit,0))-J10)*index(Enrage,match(I10,Unit,0)))-max((index(Armour,match(L10,Unit,0))-index(ArmourPen,match(I10,Unit,0))),0))} -> 71.4 | L10: =L9 -> Archer | M10: =IF(M9-K9<0,0,M9-K9) -> 0 | N10: {=(index(DMG,match(L10,Unit,0))+(index(HP,match(L10,Unit,0))-M10)*index(Enrage,match(L10,Unit,0)))-max((index(Armour,match(I10,Unit,0))-index(ArmourPen,match(L10,Unit,0))),0)} -> 97.76
H11: 10 | I11: =I10 -> Berserker | J11: =IF(J10-N10<0,0,J10-N10) -> 0 | K11: {=max((index(DMG,match(I11,Unit,0))+(index(HP,match(I11,Unit,0))-J11)*index(Enrage,match(I11,Unit,0)))-max((index(Armour,match(L11,Unit,0))-index(ArmourPen,match(I11,Unit,0))),0))} -> 71.4 | L11: =L10 -> Archer | M11: =IF(M10-K10<0,0,M10-K10) -> 0 | N11: {=(index(DMG,match(L11,Unit,0))+(index(HP,match(L11,Unit,0))-M11)*index(Enrage,match(L11,Unit,0)))-max((index(Armour,match(I11,Unit,0))-index(ArmourPen,match(L11,Unit,0))),0)} -> 97.76
H12: 11 | I12: =I11 -> Berserker | J12: =IF(J11-N11<0,0,J11-N11) -> 0 | K12: {=max((index(DMG,match(I12,Unit,0))+(index(HP,match(I12,Unit,0))-J12)*index(Enrage,match(I12,Unit,0)))-max((index(Armour,match(L12,Unit,0))-index(ArmourPen,match(I12,Unit,0))),0))} -> 71.4 | L12: =L11 -> Archer | M12: =IF(M11-K11<0,0,M11-K11) -> 0 | N12: {=(index(DMG,match(L12,Unit,0))+(index(HP,match(L12,Unit,0))-M12)*index(Enrage,match(L12,Unit,0)))-max((index(Armour,match(I12,Unit,0))-index(ArmourPen,match(L12,Unit,0))),0)} -> 97.76
H13: 12 | I13: =I12 -> Berserker | J13: =IF(J12-N12<0,0,J12-N12) -> 0 | K13: {=max((index(DMG,match(I13,Unit,0))+(index(HP,match(I13,Unit,0))-J13)*index(Enrage,match(I13,Unit,0)))-max((index(Armour,match(L13,Unit,0))-index(ArmourPen,match(I13,Unit,0))),0))} -> 71.4 | L13: =L12 -> Archer | M13: =IF(M12-K12<0,0,M12-K12) -> 0 | N13: {=(index(DMG,match(L13,Unit,0))+(index(HP,match(L13,Unit,0))-M13)*index(Enrage,match(L13,Unit,0)))-max((index(Armour,match(I13,Unit,0))-index(ArmourPen,match(L13,Unit,0))),0)} -> 97.76
H14: 13 | I14: =I13 -> Berserker | J14: =IF(J13-N13<0,0,J13-N13) -> 0 | K14: {=max((index(DMG,match(I14,Unit,0))+(index(HP,match(I14,Unit,0))-J14)*index(Enrage,match(I14,Unit,0)))-max((index(Armour,match(L14,Unit,0))-index(ArmourPen,match(I14,Unit,0))),0))} -> 71.4 | L14: =L13 -> Archer | M14: =IF(M13-K13<0,0,M13-K13) -> 0 | N14: {=(index(DMG,match(L14,Unit,0))+(index(HP,match(L14,Unit,0))-M14)*index(Enrage,match(L14,Unit,0)))-max((index(Armour,match(I14,Unit,0))-index(ArmourPen,match(L14,Unit,0))),0)} -> 97.76
H15: 14 | I15: =I14 -> Berserker | J15: =IF(J14-N14<0,0,J14-N14) -> 0 | K15: {=max((index(DMG,match(I15,Unit,0))+(index(HP,match(I15,Unit,0))-J15)*index(Enrage,match(I15,Unit,0)))-max((index(Armour,match(L15,Unit,0))-index(ArmourPen,match(I15,Unit,0))),0))} -> 71.4 | L15: =L14 -> Archer | M15: =IF(M14-K14<0,0,M14-K14) -> 0 | N15: {=(index(DMG,match(L15,Unit,0))+(index(HP,match(L15,Unit,0))-M15)*index(Enrage,match(L15,Unit,0)))-max((index(Armour,match(I15,Unit,0))-index(ArmourPen,match(L15,Unit,0))),0)} -> 97.76
H16: 15 | I16: =I15 -> Berserker | J16: =IF(J15-N15<0,0,J15-N15) -> 0 | K16: {=max((index(DMG,match(I16,Unit,0))+(index(HP,match(I16,Unit,0))-J16)*index(Enrage,match(I16,Unit,0)))-max((index(Armour,match(L16,Unit,0))-index(ArmourPen,match(I16,Unit,0))),0))} -> 71.4 | L16: =L15 -> Archer | M16: =IF(M15-K15<0,0,M15-K15) -> 0 | N16: {=(index(DMG,match(L16,Unit,0))+(index(HP,match(L16,Unit,0))-M16)*index(Enrage,match(L16,Unit,0)))-max((index(Armour,match(I16,Unit,0))-index(ArmourPen,match(L16,Unit,0))),0)} -> 97.76
... H18: 17 | I18: =I17 -> Berserker | J18: =IF(J17-N17<0,0,J17-N17) -> 0 | K18: {=max((index(DMG,match(I18,Unit,0))+(index(HP,match(I18,Unit,0))-J18)*index(Enrage,match(I18,Unit,0)))-max((index(Armour,match(L18,Unit,0))-index(ArmourPen,match(I18,Unit,0))),0))} -> 71.4 | L18: =L17 -> Archer | M18: =IF(M17-K17<0,0,M17-K17) -> 0 | N18: {=(index(DMG,match(L18,Unit,0))+(index(HP,match(L18,Unit,0))-M18)*index(Enrage,match(L18,Unit,0)))-max((index(Armour,match(I18,Unit,0))-index(ArmourPen,match(L18,Unit,0))),0)} -> 97.76

Sheet Econ
A1: Name | B1: Level | C1: HP | D1: Level Gains | E1: Armour | F1: Level Gains | G1: DMG | H1: Level Gains | I1: ArmourPen | J1: Level Gains | K1: Enrage | L1: Cost_Gold | M1: Cost_Wood | N1: Cost_Metal | O1: Time | P1: HealCost_Gold | Q1: HealCost_Wood | R1: HealCost_Metal | S1: HealTime | T1: CommandSize | U1: Factor Gold | V1: Factor Wood | W1: Factor Metal | X1: Factor Time | Y1: Heal Multi | Z1: power gain
A2: Archer | B2: 1 | C2: 150 | D2: 0.05 | E2: 5 | F2: 0.02 | G2: 100 | H2: 0.05 | I2: 10 | J2: 0.02 | K2: 0 | M2: 10 | O2: 25 | P2: =L2*$Y$2 -> 0 | Q2: =M2*$Y$2 -> 2.5 | R2: =N2*$Y$2 -> 0 | S2: =O2*$Y$2 -> 6.25 | T2: =mround(B2/10,1)+1 -> 1 | U2: 0.7 | V2: 0.7 | W2: 0.7 | X2: 0.7 | Y2: 0.25
A3: Archer | B3: 2 | C3: =C2+D2*C2 -> 157.5 | D3: 0.05 | E3: =E2+F2*E2 -> 5.1 | F3: 0.02 | G3: =G2+H2*G2 -> 105 | H3: 0.05 | I3: =I2+J2*I2 -> 10.2 | J3: 0.02 | K3: 0 | L3: =IF(L2="", "", 1 + MROUND(IFERROR(MINIFS(OFFSET(L2, -1, 0, -$B3, 1), OFFSET(L2, -1, 0, -$B3, 1), ">0"), L2) + (LN(1 + $Z3) ^ U$2) * U$3, 1)) | M3: =IF(M2="", "", 1 + MROUND(IFERROR(MINIFS(OFFSET(M2, -1, 0, -$B3, 1), OFFSET(M2, -1, 0, -$B3, 1), ">0"), M2) + (LN(1 + $Z3) ^ V$2) * V$3, 1)) -> 13 | N3: =IF(N2="", "", 1 + MROUND(IFERROR(MINIFS(OFFSET(N2, -1, 0, -$B3, 1), OFFSET(N2, -1, 0, -$B3, 1), ">0"), N2) + (LN(1 + $Z3) ^ W$2) * W$3, 1)) | O3: =IF(O2="", "", 1 + MROUND(IFERROR(MINIFS(OFFSET(O2, -1, 0, -$B3, 1), OFFSET(O2, -1, 0, -$B3, 1), ">0"), O2) + (LN(1 + $Z3) ^ X$2) * X$3, 1)) -> 27 | P3: =L3*$Y$2 -> 0 | Q3: =M3*$Y$2 -> 3.25 | R3: =N3*$Y$2 -> 0 | S3: =O3*$Y$2 -> 6.75 | T3: =mround(B3/10,1)+1 -> 1 | U3: 250 | V3: 20 | W3: 10 | X3: 10 | Z3: =((1+average(D3,F3,H3,J3))^(B3-1)-1) -> 0.035
A4: Archer | B4: 3 | C4: =C3+D3*C3 -> 165.375 | D4: 0.05 | E4: =E3+F3*E3 -> 5.202 | F4: 0.02 | G4: =G3+H3*G3 -> 110.25 | H4: 0.05 | I4: =I3+J3*I3 -> 10.404 | J4: 0.02 | K4: 0 | L4: =IF(L3="", "", 1 + MROUND(IFERROR(MINIFS(OFFSET(L3, -1, 0, -$B4, 1), OFFSET(L3, -1, 0, -$B4, 1), ">0"), L3) + (LN(1 + $Z4) ^ U$2) * U$3, 1)) | M4: =IF(M3="", "", 1 + MROUND(IFERROR(MINIFS(OFFSET(M3, -1, 0, -$B4, 1), OFFSET(M3, -1, 0, -$B4, 1), ">0"), M3) + (LN(1 + $Z4) ^ V$2) * V$3, 1)) -> 17 | N4: =IF(N3="", "", 1 + MROUND(IFERROR(MINIFS(OFFSET(N3, -1, 0, -$B4, 1), OFFSET(N3, -1, 0, -$B4, 1), ">0"), N3) + (LN(1 + $Z4) ^ W$2) * W$3, 1)) | O4: =IF(O3="", "", 1 + MROUND(IFERROR(MINIFS(OFFSET(O3, -1, 0, -$B4, 1), OFFSET(O3, -1, 0, -$B4, 1), ">0"), O3) + (LN(1 + $Z4) ^ X$2) * X$3, 1)) -> 30 | P4: =L4*$Y$2 -> 0 | Q4: =M4*$Y$2 -> 4.25 | R4: =N4*$Y$2 -> 0 | S4: =O4*$Y$2 -> 7.5 | T4: =mround(B4/10,1)+1 -> 1 | U4: =max(L:L) -> 338508 | V4: =max(M:M) -> 58333 | W4: =max(N:N) -> 9744 | X4: =max(O:O) -> 9865 | Z4: =((1+average(D4,F4,H4,J4))^(B4-1)-1) -> 0.071225
A5: Archer | B5: 4 | C5: =C4+D4*C4 -> 173.64375 | D5: 0.05 | E5: =E4+F4*E4 -> 5.30604 | F5: 0.02 | G5: =G4+H4*G4 -> 115.7625 | H5: 0.05 | I5: =I4+J4*I4 -> 10.61208 | J5: 0.02 | K5: 0 | L5: =IF(L4="", "", 1 + MROUND(IFERROR(MINIFS(OFFSET(L4, -1, 0, -$B5, 1), OFFSET(L4, -1, 0, -$B5, 1), ">0"), L4) + (LN(1 + $Z5) ^ U$2) * U$3, 1)) | M5: =IF(M4="", "", 1 + MROUND(IFERROR(MINIFS(OFFSET(M4, -1, 0, -$B5, 1), OFFSET(M4, -1, 0, -$B5, 1), ">0"), M4) + (LN(1 + $Z5) ^ V$2) * V$3, 1)) -> 22 | N5: =IF(N4="", "", 1 + MROUND(IFERROR(MINIFS(OFFSET(N4, -1, 0, -$B5, 1), OFFSET(N4, -1, 0, -$B5, 1), ">0"), N4) + (LN(1 + $Z5) ^ W$2) * W$3, 1)) | O5: =IF(O4="", "", 1 + MROUND(IFERROR(MINIFS(OFFSET(O4, -1, 0, -$B5, 1), OFFSET(O4, -1, 0, -$B5, 1), ">0"), O4) + (LN(1 + $Z5) ^ X$2) * X$3, 1)) -> 33 | P5: =L5*$Y$2 -> 0 | Q5: =M5*$Y$2 -> 5.5 | R5: =N5*$Y$2 -> 0 | S5: =O5*$Y$2 -> 8.25 | T5: =mround(B5/10,1)+1 -> 1 | X5: =X4/3600 -> 2.7402778 | Z5: =((1+average(D5,F5,H5,J5))^(B5-1)-1) -> 0.10871788
A6: Archer | B6: 5 | C6: =C5+D5*C5 -> 182.32594 | D6: 0.05 | E6: =E5+F5*E5 -> 5.4121608 | F6: 0.02 | G6: =G5+H5*G5 -> 121.55062 | H6: 0.05 | I6: =I5+J5*I5 -> 10.824322 | J6: 0.02 | K6: 0 | L6: =IF(L5="", "", 1 + MROUND(IFERROR(MINIFS(OFFSET(L5, -1, 0, -$B6, 1), OFFSET(L5, -1, 0, -$B6, 1), ">0"), L5) + (LN(1 + $Z6) ^ U$2) * U$3, 1)) | M6: =IF(M5="", "", 1 + MROUND(IFERROR(MINIFS(OFFSET(M5, -1, 0, -$B6, 1), OFFSET(M5, -1, 0, -$B6, 1), ">0"), M5) + (LN(1 + $Z6) ^ V$2) * V$3, 1)) -> 28 | N6: =IF(N5="", "", 1 + MROUND(IFERROR(MINIFS(OFFSET(N5, -1, 0, -$B6, 1), OFFSET(N5, -1, 0, -$B6, 1), ">0"), N5) + (LN(1 + $Z6) ^ W$2) * W$3, 1)) | O6: =IF(O5="", "", 1 + MROUND(IFERROR(MINIFS(OFFSET(O5, -1, 0, -$B6, 1), OFFSET(O5, -1, 0, -$B6, 1), ">0"), O5) + (LN(1 + $Z6) ^ X$2) * X$3, 1)) -> 36 | P6: =L6*$Y$2 -> 0 | Q6: =M6*$Y$2 -> 7 | R6: =N6*$Y$2 -> 0 | S6: =O6*$Y$2 -> 9 | T6: =mround(B6/10,1)+1 -> 2 | Z6: =((1+average(D6,F6,H6,J6))^(B6-1)-1) -> 0.147523
A7: Archer | B7: 6 | C7: =C6+D6*C6 -> 191.44223 | D7: 0.05 | E7: =E6+F6*E6 -> 5.520404 | F7: 0.02 | G7: =G6+H6*G6 -> 127.62816 | H7: 0.05 | I7: =I6+J6*I6 -> 11.040808 | J7: 0.02 | K7: 0 | L7: =IF(L6="", "", 1 + MROUND(IFERROR(MINIFS(OFFSET(L6, -1, 0, -$B7, 1), OFFSET(L6, -1, 0, -$B7, 1), ">0"), L6) + (LN(1 + $Z7) ^ U$2) * U$3, 1)) | M7: =IF(M6="", "", 1 + MROUND(IFERROR(MINIFS(OFFSET(M6, -1, 0, -$B7, 1), OFFSET(M6, -1, 0, -$B7, 1), ">0"), M6) + (LN(1 + $Z7) ^ V$2) * V$3, 1)) -> 35 | N7: =IF(N6="", "", 1 + MROUND(IFERROR(MINIFS(OFFSET(N6, -1, 0, -$B7, 1), OFFSET(N6, -1, 0, -$B7, 1), ">0"), N6) + (LN(1 + $Z7) ^ W$2) * W$3, 1)) | O7: =IF(O6="", "", 1 + MROUND(IFERROR(MINIFS(OFFSET(O6, -1, 0, -$B7, 1), OFFSET(O6, -1, 0, -$B7, 1), ">0"), O6) + (LN(1 + $Z7) ^ X$2) * X$3, 1)) -> 40 | P7: =L7*$Y$2 -> 0 | Q7: =M7*$Y$2 -> 8.75 | R7: =N7*$Y$2 -> 0 | S7: =O7*$Y$2 -> 10 | T7: =mround(B7/10,1)+1 -> 2 | Z7: =((1+average(D7,F7,H7,J7))^(B7-1)-1) -> 0.18768631
A8: Archer | B8: 7 | C8: =C7+D7*C7 -> 201.01435 | D8: 0.05 | E8: =E7+F7*E7 -> 5.6308121 | F8: 0.02 | G8: =G7+H7*G7 -> 134.00956 | H8: 0.05 | I8: =I7+J7*I7 -> 11.261624 | J8: 0.02 | K8: 0 | L8: =IF(L7="", "", 1 + MROUND(IFERROR(MINIFS(OFFSET(L7, -1, 0, -$B8, 1), OFFSET(L7, -1, 0, -$B8, 1), ">0"), L7) + (LN(1 + $Z8) ^ U$2) * U$3, 1)) | M8: =IF(M7="", "", 1 + MROUND(IFERROR(MINIFS(OFFSET(M7, -1, 0, -$B8, 1), OFFSET(M7, -1, 0, -$B8, 1), ">0"), M7) + (LN(1 + $Z8) ^ V$2) * V$3, 1)) -> 43 | N8: =IF(N7="", "", 1 + MROUND(IFERROR(MINIFS(OFFSET(N7, -1, 0, -$B8, 1), OFFSET(N7, -1, 0, -$B8, 1), ">0"), N7) + (LN(1 + $Z8) ^ W$2) * W$3, 1)) | O8: =IF(O7="", "", 1 + MROUND(IFERROR(MINIFS(OFFSET(O7, -1, 0, -$B8, 1), OFFSET(O7, -1, 0, -$B8, 1), ">0"), O7) + (LN(1 + $Z8) ^ X$2) * X$3, 1)) -> 44 | P8: =L8*$Y$2 -> 0 | Q8: =M8*$Y$2 -> 10.75 | R8: =N8*$Y$2 -> 0 | S8: =O8*$Y$2 -> 11 | T8: =mround(B8/10,1)+1 -> 2 | Z8: =((1+average(D8,F8,H8,J8))^(B8-1)-1) -> 0.22925533
A9: Archer | B9: 8 | C9: =C8+D8*C8 -> 211.06506 | D9: 0.05 | E9: =E8+F8*E8 -> 5.7434283 | F9: 0.02 | G9: =G8+H8*G8 -> 140.71004 | H9: 0.05 | I9: =I8+J8*I8 -> 11.486857 | J9: 0.02 | K9: 0 | L9: =IF(L8="", "", 1 + MROUND(IFERROR(MINIFS(OFFSET(L8, -1, 0, -$B9, 1), OFFSET(L8, -1, 0, -$B9, 1), ">0"), L8) + (LN(1 + $Z9) ^ U$2) * U$3, 1)) | M9: =IF(M8="", "", 1 + MROUND(IFERROR(MINIFS(OFFSET(M8, -1, 0, -$B9, 1), OFFSET(M8, -1, 0, -$B9, 1), ">0"), M8) + (LN(1 + $Z9) ^ V$2) * V$3, 1)) -> 51 | N9: =IF(N8="", "", 1 + MROUND(IFERROR(MINIFS(OFFSET(N8, -1, 0, -$B9, 1), OFFSET(N8, -1, 0, -$B9, 1), ">0"), N8) + (LN(1 + $Z9) ^ W$2) * W$3, 1)) | O9: =IF(O8="", "", 1 + MROUND(IFERROR(MINIFS(OFFSET(O8, -1, 0, -$B9, 1), OFFSET(O8, -1, 0, -$B9, 1), ">0"), O8) + (LN(1 + $Z9) ^ X$2) * X$3, 1)) -> 49 | P9: =L9*$Y$2 -> 0 | Q9: =M9*$Y$2 -> 12.75 | R9: =N9*$Y$2 -> 0 | S9: =O9*$Y$2 -> 12.25 | T9: =mround(B9/10,1)+1 -> 2 | Z9: =((1+average(D9,F9,H9,J9))^(B9-1)-1) -> 0.27227926
A10: Archer | B10: 9 | C10: =C9+D9*C9 -> 221.61832 | D10: 0.05 | E10: =E9+F9*E9 -> 5.8582969 | F10: 0.02 | G10: =G9+H9*G9 -> 147.74554 | H10: 0.05 | I10: =I9+J9*I9 -> 11.716594 | J10: 0.02 | K10: 0 | L10: =IF(L9="", "", 1 + MROUND(IFERROR(MINIFS(OFFSET(L9, -1, 0, -$B10, 1), OFFSET(L9, -1, 0, -$B10, 1), ">0"), L9) + (LN(1 + $Z10) ^ U$2) * U$3, 1)) | M10: =IF(M9="", "", 1 + MROUND(IFERROR(MINIFS(OFFSET(M9, -1, 0, -$B10, 1), OFFSET(M9, -1, 0, -$B10, 1), ">0"), M9) + (LN(1 + $Z10) ^ V$2) * V$3, 1)) -> 60 | N10: =IF(N9="", "", 1 + MROUND(IFERROR(MINIFS(OFFSET(N9, -1, 0, -$B10, 1), OFFSET(N9, -1, 0, -$B10, 1), ">0"), N9) + (LN(1 + $Z10) ^ W$2) * W$3, 1)) | O10: =IF(O9="", "", 1 + MROUND(IFERROR(MINIFS(OFFSET(O9, -1, 0, -$B10, 1), OFFSET(O9, -1, 0, -$B10, 1), ">0"), O9) + (LN(1 + $Z10) ^ X$2) * X$3, 1)) -> 54 | P10: =L10*$Y$2 -> 0 | Q10: =M10*$Y$2 -> 15 | R10: =N10*$Y$2 -> 0 | S10: =O10*$Y$2 -> 13.5 | T10: =mround(B10/10,1)+1 -> 2 | Z10: =((1+average(D10,F10,H10,J10))^(B10-1)-1) -> 0.31680904
A11: Archer | B11: 10 | C11: =C10+D10*C10 -> 232.69923 | D11: 0.05 | E11: =E10+F10*E10 -> 5.9754628 | F11: 0.02 | G11: =G10+H10*G10 -> 155.13282 | H11: 0.05 | I11: =I10+J10*I10 -> 11.950926 | J11: 0.02 | K11: 0 | L11: =IF(L10="", "", 1 + MROUND(IFERROR(MINIFS(OFFSET(L10, -1, 0, -$B11, 1), OFFSET(L10, -1, 0, -$B11, 1), ">0"), L10) + (LN(1 + $Z11) ^ U$2) * U$3, 1)) | M11: =IF(M10="", "", 1 + MROUND(IFERROR(MINIFS(OFFSET(M10, -1, 0, -$B11, 1), OFFSET(M10, -1, 0, -$B11, 1), ">0"), M10) + (LN(1 + $Z11) ^ V$2) * V$3, 1)) -> 70 | N11: =IF(N10="", "", 1 + MROUND(IFERROR(MINIFS(OFFSET(N10, -1, 0, -$B11, 1), OFFSET(N10, -1, 0, -$B11, 1), ">0"), N10) + (LN(1 + $Z11) ^ W$2) * W$3, 1)) | O11: =IF(O10="", "", 1 + MROUND(IFERROR(MINIFS(OFFSET(O10, -1, 0, -$B11, 1), OFFSET(O10, -1, 0, -$B11, 1), ">0"), O10) + (LN(1 + $Z11) ^ X$2) * X$3, 1)) -> 59 | P11: =L11*$Y$2 -> 0 | Q11: =M11*$Y$2 -> 17.5 | R11: =N11*$Y$2 -> 0 | S11: =O11*$Y$2 -> 14.75 | T11: =mround(B11/10,1)+1 -> 2 | Z11: =((1+average(D11,F11,H11,J11))^(B11-1)-1) -> 0.36289735
A12: Archer | B12: 11 | C12: =C11+D11*C11 -> 244.33419 | D12: 0.05 | E12: =E11+F11*E11 -> 6.0949721 | F12: 0.02 | G12: =G11+H11*G11 -> 162.88946 | H12: 0.05 | I12: =I11+J11*I11 -> 12.189944 | J12: 0.02 | K12: 0 | L12: =IF(L11="", "", 1 + MROUND(IFERROR(MINIFS(OFFSET(L11, -1, 0, -$B12, 1), OFFSET(L11, -1, 0, -$B12, 1), ">0"), L11) + (LN(1 + $Z12) ^ U$2) * U$3, 1)) | M12: =IF(M11="", "", 1 + MROUND(IFERROR(MINIFS(OFFSET(M11, -1, 0, -$B12, 1), OFFSET(M11, -1, 0, -$B12, 1), ">0"), M11) + (LN(1 + $Z12) ^ V$2) * V$3, 1)) -> 80 | N12: =IF(N11="", "", 1 + MROUND(IFERROR(MINIFS(OFFSET(N11, -1, 0, -$B12, 1), OFFSET(N11, -1, 0, -$B12, 1), ">0"), N11) + (LN(1 + $Z12) ^ W$2) * W$3, 1)) | O12: =IF(O11="", "", 1 + MROUND(IFERROR(MINIFS(OFFSET(O11, -1, 0, -$B12, 1), OFFSET(O11, -1, 0, -$B12, 1), ">0"), O11) + (LN(1 + $Z12) ^ X$2) * X$3, 1)) -> 65 | P12: =L12*$Y$2 -> 0 | Q12: =M12*$Y$2 -> 20 | R12: =N12*$Y$2 -> 0 | S12: =O12*$Y$2 -> 16.25 | T12: =mround(B12/10,1)+1 -> 2 | Z12: =((1+average(D12,F12,H12,J12))^(B12-1)-1) -> 0.41059876
A13: Archer | B13: 12 | C13: =C12+D12*C12 -> 256.5509 | D13: 0.05 | E13: =E12+F12*E12 -> 6.2168715 | F13: 0.02 | G13: =G12+H12*G12 -> 171.03394 | H13: 0.05 | I13: =I12+J12*I12 -> 12.433743 | J13: 0.02 | K13: 0 | L13: =IF(L12="", "", 1 + MROUND(IFERROR(MINIFS(OFFSET(L12, -1, 0, -$B13, 1), OFFSET(L12, -1, 0, -$B13, 1), ">0"), L12) + (LN(1 + $Z13) ^ U$2) * U$3, 1)) | M13: =IF(M12="", "", 1 + MROUND(IFERROR(MINIFS(OFFSET(M12, -1, 0, -$B13, 1), OFFSET(M12, -1, 0, -$B13, 1), ">0"), M12) + (LN(1 + $Z13) ^ V$2) * V$3, 1)) -> 91 | N13: =IF(N12="", "", 1 + MROUND(IFERROR(MINIFS(OFFSET(N12, -1, 0, -$B13, 1), OFFSET(N12, -1, 0, -$B13, 1), ">0"), N12) + (LN(1 + $Z13) ^ W$2) * W$3, 1)) | O13: =IF(O12="", "", 1 + MROUND(IFERROR(MINIFS(OFFSET(O12, -1, 0, -$B13, 1), OFFSET(O12, -1, 0, -$B13, 1), ">0"), O12) + (LN(1 + $Z13) ^ X$2) * X$3, 1)) -> 71 | P13: =L13*$Y$2 -> 0 | Q13: =M13*$Y$2 -> 22.75 | R13: =N13*$Y$2 -> 0 | S13: =O13*$Y$2 -> 17.75 | T13: =mround(B13/10,1)+1 -> 2 | Z13: =((1+average(D13,F13,H13,J13))^(B13-1)-1) -> 0.45996972
A14: Archer | B14: 13 | C14: =C13+D13*C13 -> 269.37845 | D14: 0.05 | E14: =E13+F13*E13 -> 6.341209 | F14: 0.02 | G14: =G13+H13*G13 -> 179.58563 | H14: 0.05 | I14: =I13+J13*I13 -> 12.682418 | J14: 0.02 | K14: 0 | L14: =IF(L13="", "", 1 + MROUND(IFERROR(MINIFS(OFFSET(L13, -1, 0, -$B14, 1), OFFSET(L13, -1, 0, -$B14, 1), ">0"), L13) + (LN(1 + $Z14) ^ U$2) * U$3, 1)) | M14: =IF(M13="", "", 1 + MROUND(IFERROR(MINIFS(OFFSET(M13, -1, 0, -$B14, 1), OFFSET(M13, -1, 0, -$B14, 1), ">0"), M13) + (LN(1 + $Z14) ^ V$2) * V$3, 1)) -> 103 | N14: =IF(N13="", "", 1 + MROUND(IFERROR(MINIFS(OFFSET(N13, -1, 0, -$B14, 1), OFFSET(N13, -1, 0, -$B14, 1), ">0"), N13) + (LN(1 + $Z14) ^ W$2) * W$3, 1)) | O14: =IF(O13="", "", 1 + MROUND(IFERROR(MINIFS(OFFSET(O13, -1, 0, -$B14, 1), OFFSET(O13, -1, 0, -$B14, 1), ">0"), O13) + (LN(1 + $Z14) ^ X$2) * X$3, 1)) -> 77 | P14: =L14*$Y$2 -> 0 | Q14: =M14*$Y$2 -> 25.75 | R14: =N14*$Y$2 -> 0 | S14: =O14*$Y$2 -> 19.25 | T14: =mround(B14/10,1)+1 -> 2 | Z14: =((1+average(D14,F14,H14,J14))^(B14-1)-1) -> 0.51106866
A15: Archer | B15: 14 | C15: =C14+D14*C14 -> 282.84737 | D15: 0.05 | E15: =E14+F14*E14 -> 6.4680332 | F15: 0.02 | G15: =G14+H14*G14 -> 188.56491 | H15: 0.05 | I15: =I14+J14*I14 -> 12.936066 | J15: 0.02 | K15: 0 | L15: =IF(L14="", "", 1 + MROUND(IFERROR(MINIFS(OFFSET(L14, -1, 0, -$B15, 1), OFFSET(L14, -1, 0, -$B15, 1), ">0"), L14) + (LN(1 + $Z15) ^ U$2) * U$3, 1)) | M15: =IF(M14="", "", 1 + MROUND(IFERROR(MINIFS(OFFSET(M14, -1, 0, -$B15, 1), OFFSET(M14, -1, 0, -$B15, 1), ">0"), M14) + (LN(1 + $Z15) ^ V$2) * V$3, 1)) -> 115 | N15: =IF(N14="", "", 1 + MROUND(IFERROR(MINIFS(OFFSET(N14, -1, 0, -$B15, 1), OFFSET(N14, -1, 0, -$B15, 1), ">0"), N14) + (LN(1 + $Z15) ^ W$2) * W$3, 1)) | O15: =IF(O14="", "", 1 + MROUND(IFERROR(MINIFS(OFFSET(O14, -1, 0, -$B15, 1), OFFSET(O14, -1, 0, -$B15, 1), ">0"), O14) + (LN(1 + $Z15) ^ X$2) * X$3, 1)) -> 84 | P15: =L15*$Y$2 -> 0 | Q15: =M15*$Y$2 -> 28.75 | R15: =N15*$Y$2 -> 0 | S15: =O15*$Y$2 -> 21 | T15: =mround(B15/10,1)+1 -> 2 | Z15: =((1+average(D15,F15,H15,J15))^(B15-1)-1) -> 0.56395606
A16: Archer | B16: 15 | C16: =C15+D15*C15 -> 296.98974 | D16: 0.05 | E16: =E15+F15*E15 -> 6.5973938 | F16: 0.02 | G16: =G15+H15*G15 -> 197.99316 | H16: 0.05 | I16: =I15+J15*I15 -> 13.194788 | J16: 0.02 | K16: 0 | L16: =IF(L15="", "", 1 + MROUND(IFERROR(MINIFS(OFFSET(L15, -1, 0, -$B16, 1), OFFSET(L15, -1, 0, -$B16, 1), ">0"), L15) + (LN(1 + $Z16) ^ U$2) * U$3, 1)) | M16: =IF(M15="", "", 1 + MROUND(IFERROR(MINIFS(OFFSET(M15, -1, 0, -$B16, 1), OFFSET(M15, -1, 0, -$B16, 1), ">0"), M15) + (LN(1 + $Z16) ^ V$2) * V$3, 1)) -> 128 | N16: =IF(N15="", "", 1 + MROUND(IFERROR(MINIFS(OFFSET(N15, -1, 0, -$B16, 1), OFFSET(N15, -1, 0, -$B16, 1), ">0"), N15) + (LN(1 + $Z16) ^ W$2) * W$3, 1)) | O16: =IF(O15="", "", 1 + MROUND(IFERROR(MINIFS(OFFSET(O15, -1, 0, -$B16, 1), OFFSET(O15, -1, 0, -$B16, 1), ">0"), O15) + (LN(1 + $Z16) ^ X$2) * X$3, 1)) -> 91 | P16: =L16*$Y$2 -> 0 | Q16: =M16*$Y$2 -> 32 | R16: =N16*$Y$2 -> 0 | S16: =O16*$Y$2 -> 22.75 | T16: =mround(B16/10,1)+1 -> 3 | Z16: =((1+average(D16,F16,H16,J16))^(B16-1)-1) -> 0.61869452
A17: Archer | B17: 16 | C17: =C16+D16*C16 -> 311.83923 | D17: 0.05 | E17: =E16+F16*E16 -> 6.7293417 | F17: 0.02 | G17: =G16+H16*G16 -> 207.89282 | H17: 0.05 | I17: =I16+J16*I16 -> 13.458683 | J17: 0.02 | K17: 0 | L17: =IF(L16="", "", 1 + MROUND(IFERROR(MINIFS(OFFSET(L16, -1, 0, -$B17, 1), OFFSET(L16, -1, 0, -$B17, 1), ">0"), L16) + (LN(1 + $Z17) ^ U$2) * U$3, 1)) | M17: =IF(M16="", "", 1 + MROUND(IFERROR(MINIFS(OFFSET(M16, -1, 0, -$B17, 1), OFFSET(M16, -1, 0, -$B17, 1), ">0"), M16) + (LN(1 + $Z17) ^ V$2) * V$3, 1)) -> 142 | N17: =IF(N16="", "", 1 + MROUND(IFERROR(MINIFS(OFFSET(N16, -1, 0, -$B17, 1), OFFSET(N16, -1, 0, -$B17, 1), ">0"), N16) + (LN(1 + $Z17) ^ W$2) * W$3, 1)) | O17: =IF(O16="", "", 1 + MROUND(IFERROR(MINIFS(OFFSET(O16, -1, 0, -$B17, 1), OFFSET(O16, -1, 0, -$B17, 1), ">0"), O16) + (LN(1 + $Z17) ^ X$2) * X$3, 1)) -> 98 | P17: =L17*$Y$2 -> 0 | Q17: =M17*$Y$2 -> 35.5 | R17: =N17*$Y$2 -> 0 | S17: =O17*$Y$2 -> 24.5 | T17: =mround(B17/10,1)+1 -> 3 | Z17: =((1+average(D17,F17,H17,J17))^(B17-1)-1) -> 0.67534883
... A101: Archer | B101: 100 | C101: =C100+D100*C100 -> 18785.894 | D101: 0.05 | E101: =E100+F100*E100 -> 35.512971 | F101: 0.02 | G101: =G100+H100*G100 -> 12523.929 | H101: 0.05 | I101: =I100+J100*I100 -> 71.025942 | J101: 0.02 | K101: 0 | L101: =IF(L100="", "", 1 + MROUND(IFERROR(MINIFS(OFFSET(L100, -1, 0, -$B101, 1), OFFSET(L100, -1, 0, -$B101, 1), ">0"), L100) + (LN(1 + $Z101) ^ U$2) * U$3, 1)) | M101: =IF(M100="", "", 1 + MROUND(IFERROR(MINIFS(OFFSET(M100, -1, 0, -$B101, 1), OFFSET(M100, -1, 0, -$B101, 1), ">0"), M100) + (LN(1 + $Z101) ^ V$2) * V$3, 1)) -> 2874 | N101: =IF(N100="", "", 1 + MROUND(IFERROR(MINIFS(OFFSET(N100, -1, 0, -$B101, 1), OFFSET(N100, -1, 0, -$B101, 1), ">0"), N100) + (LN(1 + $Z101) ^ W$2) * W$3, 1)) | O101: =IF(O100="", "", 1 + MROUND(IFERROR(MINIFS(OFFSET(O100, -1, 0, -$B101, 1), OFFSET(O100, -1, 0, -$B101, 1), ">0"), O100) + (LN(1 + $Z101) ^ X$2) * X$3, 1)) -> 1508 | P101: =L101*$Y$2 -> 0 | Q101: =M101*$Y$2 -> 718.5 | R101: =N101*$Y$2 -> 0 | S101: =O101*$Y$2 -> 377 | T101: =mround(B101/10,1)+1 -> 11 | Z101: =((1+average(D101,F101,H101,J101))^(B101-1)-1) -> 29.136626
A102: Archer | B102: 101 | C102: =C101+D101*C101 -> 19725.189 | D102: 0.05 | E102: =E101+F101*E101 -> 36.223231 | F102: 0.02 | G102: =G101+H101*G101 -> 13150.126 | H102: 0.05 | I102: =I101+J101*I101 -> 72.446461 | J102: 0.02 | K102: 0 | L102: =M102*10 -> 29220 | M102: =IF(M101="", "", 1 + MROUND(IFERROR(MINIFS(OFFSET(M101, -1, 0, -$B102, 1), OFFSET(M101, -1, 0, -$B102, 1), ">0"), M101) + (LN(1 + $Z102) ^ V$2) * V$3, 1)) -> 2922 | N102: =IF(N101="", "", 1 + MROUND(IFERROR(MINIFS(OFFSET(N101, -1, 0, -$B102, 1), OFFSET(N101, -1, 0, -$B102, 1), ">0"), N101) + (LN(1 + $Z102) ^ W$2) * W$3, 1)) | O102: =IF(O101="", "", 1 + MROUND(IFERROR(MINIFS(OFFSET(O101, -1, 0, -$B102, 1), OFFSET(O101, -1, 0, -$B102, 1), ">0"), O101) + (LN(1 + $Z102) ^ X$2) * X$3, 1)) -> 1533 | P102: =L102*$Y$2 -> 7305 | Q102: =M102*$Y$2 -> 730.5 | R102: =N102*$Y$2 -> 0 | S102: =O102*$Y$2 -> 383.25 | T102: =mround(B102/10,1)+1 -> 11 | Z102: =((1+average(D102,F102,H102,J102))^(B102-1)-1) -> 30.191408
A103: Archer | B103: 102 | C103: =C102+D102*C102 -> 20711.448 | D103: 0.05 | E103: =E102+F102*E102 -> 36.947695 | F103: 0.02 | G103: =G102+H102*G102 -> 13807.632 | H103: 0.05 | I103: =I102+J102*I102 -> 73.89539 | J103: 0.02 | K103: 0 | L103: =IF(L102="", "", 1 + MROUND(IFERROR(MINIFS(OFFSET(L102, -1, 0, -$B103, 1), OFFSET(L102, -1, 0, -$B103, 1), ">0"), L102) + (LN(1 + $Z103) ^ U$2) * U$3, 1)) -> 29819 | M103: =IF(M102="", "", 1 + MROUND(IFERROR(MINIFS(OFFSET(M102, -1, 0, -$B103, 1), OFFSET(M102, -1, 0, -$B103, 1), ">0"), M102) + (LN(1 + $Z103) ^ V$2) * V$3, 1)) -> 2971 | N103: =IF(N102="", "", 1 + MROUND(IFERROR(MINIFS(OFFSET(N102, -1, 0, -$B103, 1), OFFSET(N102, -1, 0, -$B103, 1), ">0"), N102) + (LN(1 + $Z103) ^ W$2) * W$3, 1)) | O103: =IF(O102="", "", 1 + MROUND(IFERROR(MINIFS(OFFSET(O102, -1, 0, -$B103, 1), OFFSET(O102, -1, 0, -$B103, 1), ">0"), O102) + (LN(1 + $Z103) ^ X$2) * X$3, 1)) -> 1558 | P103: =L103*$Y$2 -> 7454.75 | Q103: =M103*$Y$2 -> 742.75 | R103: =N103*$Y$2 -> 0 | S103: =O103*$Y$2 -> 389.5 | T103: =mround(B103/10,1)+1 -> 11 | Z103: =((1+average(D103,F103,H103,J103))^(B103-1)-1) -> 31.283107
A104: Archer | B104: 103 | C104: =C103+D103*C103 -> 21747.021 | D104: 0.05 | E104: =E103+F103*E103 -> 37.686649 | F104: 0.02 | G104: =G103+H103*G103 -> 14498.014 | H104: 0.05 | I104: =I103+J103*I103 -> 75.373298 | J104: 0.02 | K104: 0 | L104: =IF(L103="", "", 1 + MROUND(IFERROR(MINIFS(OFFSET(L103, -1, 0, -$B104, 1), OFFSET(L103, -1, 0, -$B104, 1), ">0"), L103) + (LN(1 + $Z104) ^ U$2) * U$3, 1)) -> 30422 | M104: =IF(M103="", "", 1 + MROUND(IFERROR(MINIFS(OFFSET(M103, -1, 0, -$B104, 1), OFFSET(M103, -1, 0, -$B104, 1), ">0"), M103) + (LN(1 + $Z104) ^ V$2) * V$3, 1)) -> 3020 | N104: =IF(N103="", "", 1 + MROUND(IFERROR(MINIFS(OFFSET(N103, -1, 0, -$B104, 1), OFFSET(N103, -1, 0, -$B104, 1), ">0"), N103) + (LN(1 + $Z104) ^ W$2) * W$3, 1)) | O104: =IF(O103="", "", 1 + MROUND(IFERROR(MINIFS(OFFSET(O103, -1, 0, -$B104, 1), OFFSET(O103, -1, 0, -$B104, 1), ">0"), O103) + (LN(1 + $Z104) ^ X$2) * X$3, 1)) -> 1583 | P104: =L104*$Y$2 -> 7605.5 | Q104: =M104*$Y$2 -> 755 | R104: =N104*$Y$2 -> 0 | S104: =O104*$Y$2 -> 395.75 | T104: =mround(B104/10,1)+1 -> 11 | Z104: =((1+average(D104,F104,H104,J104))^(B104-1)-1) -> 32.413016
A105: Archer | B105: 104 | C105: =C104+D104*C104 -> 22834.372 | D105: 0.05 | E105: =E104+F104*E104 -> 38.440382 | F105: 0.02 | G105: =G104+H104*G104 -> 15222.914 | H105: 0.05 | I105: =I104+J104*I104 -> 76.880764 | J105: 0.02 | K105: 0 | L105: =IF(L104="", "", 1 + MROUND(IFERROR(MINIFS(OFFSET(L104, -1, 0, -$B105, 1), OFFSET(L104, -1, 0, -$B105, 1), ">0"), L104) + (LN(1 + $Z105) ^ U$2) * U$3, 1)) -> 31029 | M105: =IF(M104="", "", 1 + MROUND(IFERROR(MINIFS(OFFSET(M104, -1, 0, -$B105, 1), OFFSET(M104, -1, 0, -$B105, 1), ">0"), M104) + (LN(1 + $Z105) ^ V$2) * V$3, 1)) -> 3069 | N105: =IF(N104="", "", 1 + MROUND(IFERROR(MINIFS(OFFSET(N104, -1, 0, -$B105, 1), OFFSET(N104, -1, 0, -$B105, 1), ">0"), N104) + (LN(1 + $Z105) ^ W$2) * W$3, 1)) | O105: =IF(O104="", "", 1 + MROUND(IFERROR(MINIFS(OFFSET(O104, -1, 0, -$B105, 1), OFFSET(O104, -1, 0, -$B105, 1), ">0"), O104) + (LN(1 + $Z105) ^ X$2) * X$3, 1)) -> 1608 | P105: =L105*$Y$2 -> 7757.25 | Q105: =M105*$Y$2 -> 767.25 | R105: =N105*$Y$2 -> 0 | S105: =O105*$Y$2 -> 402 | T105: =mround(B105/10,1)+1 -> 11 | Z105: =((1+average(D105,F105,H105,J105))^(B105-1)-1) -> 33.582472
A106: Archer | B106: 105 | C106: =C105+D105*C105 -> 23976.09 | D106: 0.05 | E106: =E105+F105*E105 -> 39.20919 | F106: 0.02 | G106: =G105+H105*G105 -> 15984.06 | H106: 0.05 | I106: =I105+J105*I105 -> 78.418379 | J106: 0.02 | K106: 0 | L106: =IF(L105="", "", 1 + MROUND(IFERROR(MINIFS(OFFSET(L105, -1, 0, -$B106, 1), OFFSET(L105, -1, 0, -$B106, 1), ">0"), L105) + (LN(1 + $Z106) ^ U$2) * U$3, 1)) -> 31640 | M106: =IF(M105="", "", 1 + MROUND(IFERROR(MINIFS(OFFSET(M105, -1, 0, -$B106, 1), OFFSET(M105, -1, 0, -$B106, 1), ">0"), M105) + (LN(1 + $Z106) ^ V$2) * V$3, 1)) -> 3119 | N106: =IF(N105="", "", 1 + MROUND(IFERROR(MINIFS(OFFSET(N105, -1, 0, -$B106, 1), OFFSET(N105, -1, 0, -$B106, 1), ">0"), N105) + (LN(1 + $Z106) ^ W$2) * W$3, 1)) | O106: =IF(O105="", "", 1 + MROUND(IFERROR(MINIFS(OFFSET(O105, -1, 0, -$B106, 1), OFFSET(O105, -1, 0, -$B106, 1), ">0"), O105) + (LN(1 + $Z106) ^ X$2) * X$3, 1)) -> 1633 | P106: =L106*$Y$2 -> 7910 | Q106: =M106*$Y$2 -> 779.75 | R106: =N106*$Y$2 -> 0 | S106: =O106*$Y$2 -> 408.25 | T106: =mround(B106/10,1)+1 -> 12 | Z106: =((1+average(D106,F106,H106,J106))^(B106-1)-1) -> 34.792858
A107: Archer | B107: 106 | C107: =C106+D106*C106 -> 25174.895 | D107: 0.05 | E107: =E106+F106*E106 -> 39.993374 | F107: 0.02 | G107: =G106+H106*G106 -> 16783.263 | H107: 0.05 | I107: =I106+J106*I106 -> 79.986747 | J107: 0.02 | K107: 0 | L107: =IF(L106="", "", 1 + MROUND(IFERROR(MINIFS(OFFSET(L106, -1, 0, -$B107, 1), OFFSET(L106, -1, 0, -$B107, 1), ">0"), L106) + (LN(1 + $Z107) ^ U$2) * U$3, 1)) -> 32255 | M107: =IF(M106="", "", 1 + MROUND(IFERROR(MINIFS(OFFSET(M106, -1, 0, -$B107, 1), OFFSET(M106, -1, 0, -$B107, 1), ">0"), M106) + (LN(1 + $Z107) ^ V$2) * V$3, 1)) -> 3169 | N107: =IF(N106="", "", 1 + MROUND(IFERROR(MINIFS(OFFSET(N106, -1, 0, -$B107, 1), OFFSET(N106, -1, 0, -$B107, 1), ">0"), N106) + (LN(1 + $Z107) ^ W$2) * W$3, 1)) | O107: =IF(O106="", "", 1 + MROUND(IFERROR(MINIFS(OFFSET(O106, -1, 0, -$B107, 1), OFFSET(O106, -1, 0, -$B107, 1), ">0"), O106) + (LN(1 + $Z107) ^ X$2) * X$3, 1)) -> 1659 | P107: =L107*$Y$2 -> 8063.75 | Q107: =M107*$Y$2 -> 792.25 | R107: =N107*$Y$2 -> 0 | S107: =O107*$Y$2 -> 414.75 | T107: =mround(B107/10,1)+1 -> 12 | Z107: =((1+average(D107,F107,H107,J107))^(B107-1)-1) -> 36.045608
A108: Archer | B108: 107 | C108: =C107+D107*C107 -> 26433.639 | D108: 0.05 | E108: =E107+F107*E107 -> 40.793241 | F108: 0.02 | G108: =G107+H107*G107 -> 17622.426 | H108: 0.05 | I108: =I107+J107*I107 -> 81.586482 | J108: 0.02 | K108: 0 | L108: =IF(L107="", "", 1 + MROUND(IFERROR(MINIFS(OFFSET(L107, -1, 0, -$B108, 1), OFFSET(L107, -1, 0, -$B108, 1), ">0"), L107) + (LN(1 + $Z108) ^ U$2) * U$3, 1)) -> 32874 | M108: =IF(M107="", "", 1 + MROUND(IFERROR(MINIFS(OFFSET(M107, -1, 0, -$B108, 1), OFFSET(M107, -1, 0, -$B108, 1), ">0"), M107) + (LN(1 + $Z108) ^ V$2) * V$3, 1)) -> 3219 | N108: =IF(N107="", "", 1 + MROUND(IFERROR(MINIFS(OFFSET(N107, -1, 0, -$B108, 1), OFFSET(N107, -1, 0, -$B108, 1), ">0"), N107) + (LN(1 + $Z108) ^ W$2) * W$3, 1)) | O108: =IF(O107="", "", 1 + MROUND(IFERROR(MINIFS(OFFSET(O107, -1, 0, -$B108, 1), OFFSET(O107, -1, 0, -$B108, 1), ">0"), O107) + (LN(1 + $Z108) ^ X$2) * X$3, 1)) -> 1685 | P108: =L108*$Y$2 -> 8218.5 | Q108: =M108*$Y$2 -> 804.75 | R108: =N108*$Y$2 -> 0 | S108: =O108*$Y$2 -> 421.25 | T108: =mround(B108/10,1)+1 -> 12 | Z108: =((1+average(D108,F108,H108,J108))^(B108-1)-1) -> 37.342204
A109: Archer | B109: 108 | C109: =C108+D108*C108 -> 27755.321 | D109: 0.05 | E109: =E108+F108*E108 -> 41.609106 | F109: 0.02 | G109: =G108+H108*G108 -> 18503.548 | H109: 0.05 | I109: =I108+J108*I108 -> 83.218212 | J109: 0.02 | K109: 0 | L109: =IF(L108="", "", 1 + MROUND(IFERROR(MINIFS(OFFSET(L108, -1, 0, -$B109, 1), OFFSET(L108, -1, 0, -$B109, 1), ">0"), L108) + (LN(1 + $Z109) ^ U$2) * U$3, 1)) -> 33497 | M109: =IF(M108="", "", 1 + MROUND(IFERROR(MINIFS(OFFSET(M108, -1, 0, -$B109, 1), OFFSET(M108, -1, 0, -$B109, 1), ">0"), M108) + (LN(1 + $Z109) ^ V$2) * V$3, 1)) -> 3270 | N109: =IF(N108="", "", 1 + MROUND(IFERROR(MINIFS(OFFSET(N108, -1, 0, -$B109, 1), OFFSET(N108, -1, 0, -$B109, 1), ">0"), N108) + (LN(1 + $Z109) ^ W$2) * W$3, 1)) | O109: =IF(O108="", "", 1 + MROUND(IFERROR(MINIFS(OFFSET(O108, -1, 0, -$B109, 1), OFFSET(O108, -1, 0, -$B109, 1), ">0"), O108) + (LN(1 + $Z109) ^ X$2) * X$3, 1)) -> 1711 | P109: =L109*$Y$2 -> 8374.25 | Q109: =M109*$Y$2 -> 817.5 | R109: =N109*$Y$2 -> 0 | S109: =O109*$Y$2 -> 427.75 | T109: =mround(B109/10,1)+1 -> 12 | Z109: =((1+average(D109,F109,H109,J109))^(B109-1)-1) -> 38.684182
A110: Archer | B110: 109 | C110: =C109+D109*C109 -> 29143.087 | D110: 0.05 | E110: =E109+F109*E109 -> 42.441288 | F110: 0.02 | G110: =G109+H109*G109 -> 19428.725 | H110: 0.05 | I110: =I109+J109*I109 -> 84.882576 | J110: 0.02 | K110: 0 | L110: =IF(L109="", "", 1 + MROUND(IFERROR(MINIFS(OFFSET(L109, -1, 0, -$B110, 1), OFFSET(L109, -1, 0, -$B110, 1), ">0"), L109) + (LN(1 + $Z110) ^ U$2) * U$3, 1)) -> 34125 | M110: =IF(M109="", "", 1 + MROUND(IFERROR(MINIFS(OFFSET(M109, -1, 0, -$B110, 1), OFFSET(M109, -1, 0, -$B110, 1), ">0"), M109) + (LN(1 + $Z110) ^ V$2) * V$3, 1)) -> 3321 | N110: =IF(N109="", "", 1 + MROUND(IFERROR(MINIFS(OFFSET(N109, -1, 0, -$B110, 1), OFFSET(N109, -1, 0, -$B110, 1), ">0"), N109) + (LN(1 + $Z110) ^ W$2) * W$3, 1)) | O110: =IF(O109="", "", 1 + MROUND(IFERROR(MINIFS(OFFSET(O109, -1, 0, -$B110, 1), OFFSET(O109, -1, 0, -$B110, 1), ">0"), O109) + (LN(1 + $Z110) ^ X$2) * X$3, 1)) -> 1737 | P110: =L110*$Y$2 -> 8531.25 | Q110: =M110*$Y$2 -> 830.25 | R110: =N110*$Y$2 -> 0 | S110: =O110*$Y$2 -> 434.25 | T110: =mround(B110/10,1)+1 -> 12 | Z110: =((1+average(D110,F110,H110,J110))^(B110-1)-1) -> 40.073128
A111: Archer | B111: 110 | C111: =C110+D110*C110 -> 30600.242 | D111: 0.05 | E111: =E110+F110*E110 -> 43.290114 | F111: 0.02 | G111: =G110+H110*G110 -> 20400.161 | H111: 0.05 | I111: =I110+J110*I110 -> 86.580227 | J111: 0.02 | K111: 0 | L111: =IF(L110="", "", 1 + MROUND(IFERROR(MINIFS(OFFSET(L110, -1, 0, -$B111, 1), OFFSET(L110, -1, 0, -$B111, 1), ">0"), L110) + (LN(1 + $Z111) ^ U$2) * U$3, 1)) -> 34757 | M111: =IF(M110="", "", 1 + MROUND(IFERROR(MINIFS(OFFSET(M110, -1, 0, -$B111, 1), OFFSET(M110, -1, 0, -$B111, 1), ">0"), M110) + (LN(1 + $Z111) ^ V$2) * V$3, 1)) -> 3372 | N111: =IF(N110="", "", 1 + MROUND(IFERROR(MINIFS(OFFSET(N110, -1, 0, -$B111, 1), OFFSET(N110, -1, 0, -$B111, 1), ">0"), N110) + (LN(1 + $Z111) ^ W$2) * W$3, 1)) | O111: =IF(O110="", "", 1 + MROUND(IFERROR(MINIFS(OFFSET(O110, -1, 0, -$B111, 1), OFFSET(O110, -1, 0, -$B111, 1), ">0"), O110) + (LN(1 + $Z111) ^ X$2) * X$3, 1)) -> 1763 | P111: =L111*$Y$2 -> 8689.25 | Q111: =M111*$Y$2 -> 843 | R111: =N111*$Y$2 -> 0 | S111: =O111*$Y$2 -> 440.75 | T111: =mround(B111/10,1)+1 -> 12 | Z111: =((1+average(D111,F111,H111,J111))^(B111-1)-1) -> 41.510687
A112: Archer | B112: 111 | C112: =C111+D111*C111 -> 32130.254 | D112: 0.05 | E112: =E111+F111*E111 -> 44.155916 | F112: 0.02 | G112: =G111+H111*G111 -> 21420.169 | H112: 0.05 | I112: =I111+J111*I111 -> 88.311832 | J112: 0.02 | K112: 0 | L112: =IF(L111="", "", 1 + MROUND(IFERROR(MINIFS(OFFSET(L111, -1, 0, -$B112, 1), OFFSET(L111, -1, 0, -$B112, 1), ">0"), L111) + (LN(1 + $Z112) ^ U$2) * U$3, 1)) -> 35393 | M112: =IF(M111="", "", 1 + MROUND(IFERROR(MINIFS(OFFSET(M111, -1, 0, -$B112, 1), OFFSET(M111, -1, 0, -$B112, 1), ">0"), M111) + (LN(1 + $Z112) ^ V$2) * V$3, 1)) -> 3424 | N112: =IF(N111="", "", 1 + MROUND(IFERROR(MINIFS(OFFSET(N111, -1, 0, -$B112, 1), OFFSET(N111, -1, 0, -$B112, 1), ">0"), N111) + (LN(1 + $Z112) ^ W$2) * W$3, 1)) | O112: =IF(O111="", "", 1 + MROUND(IFERROR(MINIFS(OFFSET(O111, -1, 0, -$B112, 1), OFFSET(O111, -1, 0, -$B112, 1), ">0"), O111) + (LN(1 + $Z112) ^ X$2) * X$3, 1)) -> 1789 | P112: =L112*$Y$2 -> 8848.25 | Q112: =M112*$Y$2 -> 856 | R112: =N112*$Y$2 -> 0 | S112: =O112*$Y$2 -> 447.25 | T112: =mround(B112/10,1)+1 -> 12 | Z112: =((1+average(D112,F112,H112,J112))^(B112-1)-1) -> 42.998561
A113: Archer | B113: 112 | C113: =C112+D112*C112 -> 33736.767 | D113: 0.05 | E113: =E112+F112*E112 -> 45.039034 | F113: 0.02 | G113: =G112+H112*G112 -> 22491.178 | H113: 0.05 | I113: =I112+J112*I112 -> 90.078069 | J113: 0.02 | K113: 0 | L113: =IF(L112="", "", 1 + MROUND(IFERROR(MINIFS(OFFSET(L112, -1, 0, -$B113, 1), OFFSET(L112, -1, 0, -$B113, 1), ">0"), L112) + (LN(1 + $Z113) ^ U$2) * U$3, 1)) -> 36033 | M113: =IF(M112="", "", 1 + MROUND(IFERROR(MINIFS(OFFSET(M112, -1, 0, -$B113, 1), OFFSET(M112, -1, 0, -$B113, 1), ">0"), M112) + (LN(1 + $Z113) ^ V$2) * V$3, 1)) -> 3476 | N113: =IF(N112="", "", 1 + MROUND(IFERROR(MINIFS(OFFSET(N112, -1, 0, -$B113, 1), OFFSET(N112, -1, 0, -$B113, 1), ">0"), N112) + (LN(1 + $Z113) ^ W$2) * W$3, 1)) | O113: =IF(O112="", "", 1 + MROUND(IFERROR(MINIFS(OFFSET(O112, -1, 0, -$B113, 1), OFFSET(O112, -1, 0, -$B113, 1), ">0"), O112) + (LN(1 + $Z113) ^ X$2) * X$3, 1)) -> 1816 | P113: =L113*$Y$2 -> 9008.25 | Q113: =M113*$Y$2 -> 869 | R113: =N113*$Y$2 -> 0 | S113: =O113*$Y$2 -> 454 | T113: =mround(B113/10,1)+1 -> 12 | Z113: =((1+average(D113,F113,H113,J113))^(B113-1)-1) -> 44.538511
A114: Archer | B114: 113 | C114: =C113+D113*C113 -> 35423.605 | D114: 0.05 | E114: =E113+F113*E113 -> 45.939815 | F114: 0.02 | G114: =G113+H113*G113 -> 23615.737 | H114: 0.05 | I114: =I113+J113*I113 -> 91.87963 | J114: 0.02 | K114: 0 | L114: =IF(L113="", "", 1 + MROUND(IFERROR(MINIFS(OFFSET(L113, -1, 0, -$B114, 1), OFFSET(L113, -1, 0, -$B114, 1), ">0"), L113) + (LN(1 + $Z114) ^ U$2) * U$3, 1)) -> 36677 | M114: =IF(M113="", "", 1 + MROUND(IFERROR(MINIFS(OFFSET(M113, -1, 0, -$B114, 1), OFFSET(M113, -1, 0, -$B114, 1), ">0"), M113) + (LN(1 + $Z114) ^ V$2) * V$3, 1)) -> 3528 | N114: =IF(N113="", "", 1 + MROUND(IFERROR(MINIFS(OFFSET(N113, -1, 0, -$B114, 1), OFFSET(N113, -1, 0, -$B114, 1), ">0"), N113) + (LN(1 + $Z114) ^ W$2) * W$3, 1)) | O114: =IF(O113="", "", 1 + MROUND(IFERROR(MINIFS(OFFSET(O113, -1, 0, -$B114, 1), OFFSET(O113, -1, 0, -$B114, 1), ">0"), O113) + (LN(1 + $Z114) ^ X$2) * X$3, 1)) -> 1843 | P114: =L114*$Y$2 -> 9169.25 | Q114: =M114*$Y$2 -> 882 | R114: =N114*$Y$2 -> 0 | S114: =O114*$Y$2 -> 460.75 | T114: =mround(B114/10,1)+1 -> 12 | Z114: =((1+average(D114,F114,H114,J114))^(B114-1)-1) -> 46.132359
... A200: Archer | B200: 199 | C200: =C199+D199*C199 -> 2352732.1 | D200: 0.05 | E200: =E199+F199*E199 -> 252.23422 | F200: 0.02 | G200: =G199+H199*G199 -> 1568488.1 | H200: 0.05 | I200: =I199+J199*I199 -> 504.46845 | J200: 0.02 | K200: 0 | L200: =IF(L199="", "", 1 + MROUND(IFERROR(MINIFS(OFFSET(L199, -1, 0, -$B200, 1), OFFSET(L199, -1, 0, -$B200, 1), ">0"), L199) + (LN(1 + $Z200) ^ U$2) * U$3, 1)) -> 106119 | M200: =IF(M199="", "", 1 + MROUND(IFERROR(MINIFS(OFFSET(M199, -1, 0, -$B200, 1), OFFSET(M199, -1, 0, -$B200, 1), ">0"), M199) + (LN(1 + $Z200) ^ V$2) * V$3, 1)) -> 9164 | N200: =IF(N199="", "", 1 + MROUND(IFERROR(MINIFS(OFFSET(N199, -1, 0, -$B200, 1), OFFSET(N199, -1, 0, -$B200, 1), ">0"), N199) + (LN(1 + $Z200) ^ W$2) * W$3, 1)) | O200: =IF(O199="", "", 1 + MROUND(IFERROR(MINIFS(OFFSET(O199, -1, 0, -$B200, 1), OFFSET(O199, -1, 0, -$B200, 1), ">0"), O199) + (LN(1 + $Z200) ^ X$2) * X$3, 1)) -> 4704 | P200: =L200*$Y$2 -> 26529.75 | Q200: =M200*$Y$2 -> 2291 | R200: =N200*$Y$2 -> 0 | S200: =O200*$Y$2 -> 1176 | T200: =mround(B200/10,1)+1 -> 21 | Z200: =((1+average(D200,F200,H200,J200))^(B200-1)-1) -> 907.21623
A201: Archer | B201: 200 | C201: =C200+D200*C200 -> 2470368.7 | D201: 0.05 | E201: =E200+F200*E200 -> 257.27891 | F201: 0.02 | G201: =G200+H200*G200 -> 1646912.5 | H201: 0.05 | I201: =I200+J200*I200 -> 514.55782 | J201: 0.02 | K201: 0 | L201: =IF(L200="", "", 1 + MROUND(IFERROR(MINIFS(OFFSET(L200, -1, 0, -$B201, 1), OFFSET(L200, -1, 0, -$B201, 1), ">0"), L200) + (LN(1 + $Z201) ^ U$2) * U$3, 1)) -> 107081 | M201: =IF(M200="", "", 1 + MROUND(IFERROR(MINIFS(OFFSET(M200, -1, 0, -$B201, 1), OFFSET(M200, -1, 0, -$B201, 1), ">0"), M200) + (LN(1 + $Z201) ^ V$2) * V$3, 1)) -> 9242 | N201: =M201/10 -> 924.2 | O201: =IF(O200="", "", 1 + MROUND(IFERROR(MINIFS(OFFSET(O200, -1, 0, -$B201, 1), OFFSET(O200, -1, 0, -$B201, 1), ">0"), O200) + (LN(1 + $Z201) ^ X$2) * X$3, 1)) -> 4743 | P201: =L201*$Y$2 -> 26770.25 | Q201: =M201*$Y$2 -> 2310.5 | R201: =N201*$Y$2 -> 231.05 | S201: =O201*$Y$2 -> 1185.75 | T201: =mround(B201/10,1)+1 -> 21 | Z201: =((1+average(D201,F201,H201,J201))^(B201-1)-1) -> 939.0038
A202: Archer | B202: 201 | C202: =C201+D201*C201 -> 2593887.1 | D202: 0.05 | E202: =E201+F201*E201 -> 262.42449 | F202: 0.02 | G202: =G201+H201*G201 -> 1729258.1 | H202: 0.05 | I202: =I201+J201*I201 -> 524.84897 | J202: 0.02 | K202: 0 | L202: =IF(L201="", "", 1 + MROUND(IFERROR(MINIFS(OFFSET(L201, -1, 0, -$B202, 1), OFFSET(L201, -1, 0, -$B202, 1), ">0"), L201) + (LN(1 + $Z202) ^ U$2) * U$3, 1)) -> 108046 | M202: =IF(M201="", "", 1 + MROUND(IFERROR(MINIFS(OFFSET(M201, -1, 0, -$B202, 1), OFFSET(M201, -1, 0, -$B202, 1), ">0"), M201) + (LN(1 + $Z202) ^ V$2) * V$3, 1)) -> 9320 | N202: =IF(N201="", "", 1 + MROUND(IFERROR(MINIFS(OFFSET(N201, -1, 0, -$B202, 1), OFFSET(N201, -1, 0, -$B202, 1), ">0"), N201) + (LN(1 + $Z202) ^ W$2) * W$3, 1)) -> 964 | O202: =IF(O201="", "", 1 + MROUND(IFERROR(MINIFS(OFFSET(O201, -1, 0, -$B202, 1), OFFSET(O201, -1, 0, -$B202, 1), ">0"), O201) + (LN(1 + $Z202) ^ X$2) * X$3, 1)) -> 4783 | P202: =L202*$Y$2 -> 27011.5 | Q202: =M202*$Y$2 -> 2330 | R202: =N202*$Y$2 -> 241 | S202: =O202*$Y$2 -> 1195.75 | T202: =mround(B202/10,1)+1 -> 21 | Z202: =((1+average(D202,F202,H202,J202))^(B202-1)-1) -> 971.90393
A203: Archer | B203: 202 | C203: =C202+D202*C202 -> 2723581.5 | D203: 0.05 | E203: =E202+F202*E202 -> 267.67298 | F203: 0.02 | G203: =G202+H202*G202 -> 1815721 | H203: 0.05 | I203: =I202+J202*I202 -> 535.34595 | J203: 0.02 | K203: 0 | L203: =IF(L202="", "", 1 + MROUND(IFERROR(MINIFS(OFFSET(L202, -1, 0, -$B203, 1), OFFSET(L202, -1, 0, -$B203, 1), ">0"), L202) + (LN(1 + $Z203) ^ U$2) * U$3, 1)) -> 109015 | M203: =IF(M202="", "", 1 + MROUND(IFERROR(MINIFS(OFFSET(M202, -1, 0, -$B203, 1), OFFSET(M202, -1, 0, -$B203, 1), ">0"), M202) + (LN(1 + $Z203) ^ V$2) * V$3, 1)) -> 9398 | N203: =IF(N202="", "", 1 + MROUND(IFERROR(MINIFS(OFFSET(N202, -1, 0, -$B203, 1), OFFSET(N202, -1, 0, -$B203, 1), ">0"), N202) + (LN(1 + $Z203) ^ W$2) * W$3, 1)) -> 1004 | O203: =IF(O202="", "", 1 + MROUND(IFERROR(MINIFS(OFFSET(O202, -1, 0, -$B203, 1), OFFSET(O202, -1, 0, -$B203, 1), ">0"), O202) + (LN(1 + $Z203) ^ X$2) * X$3, 1)) -> 4823 | P203: =L203*$Y$2 -> 27253.75 | Q203: =M203*$Y$2 -> 2349.5 | R203: =N203*$Y$2 -> 251 | S203: =O203*$Y$2 -> 1205.75 | T203: =mround(B203/10,1)+1 -> 21 | Z203: =((1+average(D203,F203,H203,J203))^(B203-1)-1) -> 1005.9556
A204: Archer | B204: 203 | C204: =C203+D203*C203 -> 2859760.6 | D204: 0.05 | E204: =E203+F203*E203 -> 273.02644 | F204: 0.02 | G204: =G203+H203*G203 -> 1906507 | H204: 0.05 | I204: =I203+J203*I203 -> 546.05287 | J204: 0.02 | K204: 0 | L204: =IF(L203="", "", 1 + MROUND(IFERROR(MINIFS(OFFSET(L203, -1, 0, -$B204, 1), OFFSET(L203, -1, 0, -$B204, 1), ">0"), L203) + (LN(1 + $Z204) ^ U$2) * U$3, 1)) -> 109987 | M204: =IF(M203="", "", 1 + MROUND(IFERROR(MINIFS(OFFSET(M203, -1, 0, -$B204, 1), OFFSET(M203, -1, 0, -$B204, 1), ">0"), M203) + (LN(1 + $Z204) ^ V$2) * V$3, 1)) -> 9477 | N204: =IF(N203="", "", 1 + MROUND(IFERROR(MINIFS(OFFSET(N203, -1, 0, -$B204, 1), OFFSET(N203, -1, 0, -$B204, 1), ">0"), N203) + (LN(1 + $Z204) ^ W$2) * W$3, 1)) -> 1044 | O204: =IF(O203="", "", 1 + MROUND(IFERROR(MINIFS(OFFSET(O203, -1, 0, -$B204, 1), OFFSET(O203, -1, 0, -$B204, 1), ">0"), O203) + (LN(1 + $Z204) ^ X$2) * X$3, 1)) -> 4863 | P204: =L204*$Y$2 -> 27496.75 | Q204: =M204*$Y$2 -> 2369.25 | R204: =N204*$Y$2 -> 261 | S204: =O204*$Y$2 -> 1215.75 | T204: =mround(B204/10,1)+1 -> 21 | Z204: =((1+average(D204,F204,H204,J204))^(B204-1)-1) -> 1041.199
A205: Archer | B205: 204 | C205: =C204+D204*C204 -> 3002748.6 | D205: 0.05 | E205: =E204+F204*E204 -> 278.48696 | F205: 0.02 | G205: =G204+H204*G204 -> 2001832.4 | H205: 0.05 | I205: =I204+J204*I204 -> 556.97393 | J205: 0.02 | K205: 0 | L205: =IF(L204="", "", 1 + MROUND(IFERROR(MINIFS(OFFSET(L204, -1, 0, -$B205, 1), OFFSET(L204, -1, 0, -$B205, 1), ">0"), L204) + (LN(1 + $Z205) ^ U$2) * U$3, 1)) -> 110963 | M205: =IF(M204="", "", 1 + MROUND(IFERROR(MINIFS(OFFSET(M204, -1, 0, -$B205, 1), OFFSET(M204, -1, 0, -$B205, 1), ">0"), M204) + (LN(1 + $Z205) ^ V$2) * V$3, 1)) -> 9556 | N205: =IF(N204="", "", 1 + MROUND(IFERROR(MINIFS(OFFSET(N204, -1, 0, -$B205, 1), OFFSET(N204, -1, 0, -$B205, 1), ">0"), N204) + (LN(1 + $Z205) ^ W$2) * W$3, 1)) -> 1084 | O205: =IF(O204="", "", 1 + MROUND(IFERROR(MINIFS(OFFSET(O204, -1, 0, -$B205, 1), OFFSET(O204, -1, 0, -$B205, 1), ">0"), O204) + (LN(1 + $Z205) ^ X$2) * X$3, 1)) -> 4903 | P205: =L205*$Y$2 -> 27740.75 | Q205: =M205*$Y$2 -> 2389 | R205: =N205*$Y$2 -> 271 | S205: =O205*$Y$2 -> 1225.75 | T205: =mround(B205/10,1)+1 -> 21 | Z205: =((1+average(D205,F205,H205,J205))^(B205-1)-1) -> 1077.676
A206: Archer | B206: 205 | C206: =C205+D205*C205 -> 3152886 | D206: 0.05 | E206: =E205+F205*E205 -> 284.0567 | F206: 0.02 | G206: =G205+H205*G205 -> 2101924 | H206: 0.05 | I206: =I205+J205*I205 -> 568.11341 | J206: 0.02 | K206: 0 | L206: =IF(L205="", "", 1 + MROUND(IFERROR(MINIFS(OFFSET(L205, -1, 0, -$B206, 1), OFFSET(L205, -1, 0, -$B206, 1), ">0"), L205) + (LN(1 + $Z206) ^ U$2) * U$3, 1)) -> 111942 | M206: =IF(M205="", "", 1 + MROUND(IFERROR(MINIFS(OFFSET(M205, -1, 0, -$B206, 1), OFFSET(M205, -1, 0, -$B206, 1), ">0"), M205) + (LN(1 + $Z206) ^ V$2) * V$3, 1)) -> 9635 | N206: =IF(N205="", "", 1 + MROUND(IFERROR(MINIFS(OFFSET(N205, -1, 0, -$B206, 1), OFFSET(N205, -1, 0, -$B206, 1), ">0"), N205) + (LN(1 + $Z206) ^ W$2) * W$3, 1)) -> 1124 | O206: =IF(O205="", "", 1 + MROUND(IFERROR(MINIFS(OFFSET(O205, -1, 0, -$B206, 1), OFFSET(O205, -1, 0, -$B206, 1), ">0"), O205) + (LN(1 + $Z206) ^ X$2) * X$3, 1)) -> 4943 | P206: =L206*$Y$2 -> 27985.5 | Q206: =M206*$Y$2 -> 2408.75 | R206: =N206*$Y$2 -> 281 | S206: =O206*$Y$2 -> 1235.75 | T206: =mround(B206/10,1)+1 -> 22 | Z206: =((1+average(D206,F206,H206,J206))^(B206-1)-1) -> 1115.4296
A207: Archer | B207: 206 | C207: =C206+D206*C206 -> 3310530.3 | D207: 0.05 | E207: =E206+F206*E206 -> 289.73784 | F207: 0.02 | G207: =G206+H206*G206 -> 2207020.2 | H207: 0.05 | I207: =I206+J206*I206 -> 579.47568 | J207: 0.02 | K207: 0 | L207: =IF(L206="", "", 1 + MROUND(IFERROR(MINIFS(OFFSET(L206, -1, 0, -$B207, 1), OFFSET(L206, -1, 0, -$B207, 1), ">0"), L206) + (LN(1 + $Z207) ^ U$2) * U$3, 1)) -> 112924 | M207: =IF(M206="", "", 1 + MROUND(IFERROR(MINIFS(OFFSET(M206, -1, 0, -$B207, 1), OFFSET(M206, -1, 0, -$B207, 1), ">0"), M206) + (LN(1 + $Z207) ^ V$2) * V$3, 1)) -> 9714 | N207: =IF(N206="", "", 1 + MROUND(IFERROR(MINIFS(OFFSET(N206, -1, 0, -$B207, 1), OFFSET(N206, -1, 0, -$B207, 1), ">0"), N206) + (LN(1 + $Z207) ^ W$2) * W$3, 1)) -> 1164 | O207: =IF(O206="", "", 1 + MROUND(IFERROR(MINIFS(OFFSET(O206, -1, 0, -$B207, 1), OFFSET(O206, -1, 0, -$B207, 1), ">0"), O206) + (LN(1 + $Z207) ^ X$2) * X$3, 1)) -> 4983 | P207: =L207*$Y$2 -> 28231 | Q207: =M207*$Y$2 -> 2428.5 | R207: =N207*$Y$2 -> 291 | S207: =O207*$Y$2 -> 1245.75 | T207: =mround(B207/10,1)+1 -> 22 | Z207: =((1+average(D207,F207,H207,J207))^(B207-1)-1) -> 1154.5047
A208: Archer | B208: 207 | C208: =C207+D207*C207 -> 3476056.8 | D208: 0.05 | E208: =E207+F207*E207 -> 295.5326 | F208: 0.02 | G208: =G207+H207*G207 -> 2317371.2 | H208: 0.05 | I208: =I207+J207*I207 -> 591.06519 | J208: 0.02 | K208: 0 | L208: =IF(L207="", "", 1 + MROUND(IFERROR(MINIFS(OFFSET(L207, -1, 0, -$B208, 1), OFFSET(L207, -1, 0, -$B208, 1), ">0"), L207) + (LN(1 + $Z208) ^ U$2) * U$3, 1)) -> 113910 | M208: =IF(M207="", "", 1 + MROUND(IFERROR(MINIFS(OFFSET(M207, -1, 0, -$B208, 1), OFFSET(M207, -1, 0, -$B208, 1), ">0"), M207) + (LN(1 + $Z208) ^ V$2) * V$3, 1)) -> 9794 | N208: =IF(N207="", "", 1 + MROUND(IFERROR(MINIFS(OFFSET(N207, -1, 0, -$B208, 1), OFFSET(N207, -1, 0, -$B208, 1), ">0"), N207) + (LN(1 + $Z208) ^ W$2) * W$3, 1)) -> 1204 | O208: =IF(O207="", "", 1 + MROUND(IFERROR(MINIFS(OFFSET(O207, -1, 0, -$B208, 1), OFFSET(O207, -1, 0, -$B208, 1), ">0"), O207) + (LN(1 + $Z208) ^ X$2) * X$3, 1)) -> 5023 | P208: =L208*$Y$2 -> 28477.5 | Q208: =M208*$Y$2 -> 2448.5 | R208: =N208*$Y$2 -> 301 | S208: =O208*$Y$2 -> 1255.75 | T208: =mround(B208/10,1)+1 -> 22 | Z208: =((1+average(D208,F208,H208,J208))^(B208-1)-1) -> 1194.9473
A209: Archer | B209: 208 | C209: =C208+D208*C208 -> 3649859.7 | D209: 0.05 | E209: =E208+F208*E208 -> 301.44325 | F209: 0.02 | G209: =G208+H208*G208 -> 2433239.8 | H209: 0.05 | I209: =I208+J208*I208 -> 602.88649 | J209: 0.02 | K209: 0 | L209: =IF(L208="", "", 1 + MROUND(IFERROR(MINIFS(OFFSET(L208, -1, 0, -$B209, 1), OFFSET(L208, -1, 0, -$B209, 1), ">0"), L208) + (LN(1 + $Z209) ^ U$2) * U$3, 1)) -> 114899 | M209: =IF(M208="", "", 1 + MROUND(IFERROR(MINIFS(OFFSET(M208, -1, 0, -$B209, 1), OFFSET(M208, -1, 0, -$B209, 1), ">0"), M208) + (LN(1 + $Z209) ^ V$2) * V$3, 1)) -> 9874 | N209: =IF(N208="", "", 1 + MROUND(IFERROR(MINIFS(OFFSET(N208, -1, 0, -$B209, 1), OFFSET(N208, -1, 0, -$B209, 1), ">0"), N208) + (LN(1 + $Z209) ^ W$2) * W$3, 1)) -> 1245 | O209: =IF(O208="", "", 1 + MROUND(IFERROR(MINIFS(OFFSET(O208, -1, 0, -$B209, 1), OFFSET(O208, -1, 0, -$B209, 1), ">0"), O208) + (LN(1 + $Z209) ^ X$2) * X$3, 1)) -> 5064 | P209: =L209*$Y$2 -> 28724.75 | Q209: =M209*$Y$2 -> 2468.5 | R209: =N209*$Y$2 -> 311.25 | S209: =O209*$Y$2 -> 1266 | T209: =mround(B209/10,1)+1 -> 22 | Z209: =((1+average(D209,F209,H209,J209))^(B209-1)-1) -> 1236.8055
A210: Archer | B210: 209 | C210: =C209+D209*C209 -> 3832352.6 | D210: 0.05 | E210: =E209+F209*E209 -> 307.47211 | F210: 0.02 | G210: =G209+H209*G209 -> 2554901.8 | H210: 0.05 | I210: =I209+J209*I209 -> 614.94422 | J210: 0.02 | K210: 0 | L210: =IF(L209="", "", 1 + MROUND(IFERROR(MINIFS(OFFSET(L209, -1, 0, -$B210, 1), OFFSET(L209, -1, 0, -$B210, 1), ">0"), L209) + (LN(1 + $Z210) ^ U$2) * U$3, 1)) -> 115891 | M210: =IF(M209="", "", 1 + MROUND(IFERROR(MINIFS(OFFSET(M209, -1, 0, -$B210, 1), OFFSET(M209, -1, 0, -$B210, 1), ">0"), M209) + (LN(1 + $Z210) ^ V$2) * V$3, 1)) -> 9954 | N210: =IF(N209="", "", 1 + MROUND(IFERROR(MINIFS(OFFSET(N209, -1, 0, -$B210, 1), OFFSET(N209, -1, 0, -$B210, 1), ">0"), N209) + (LN(1 + $Z210) ^ W$2) * W$3, 1)) -> 1286 | O210: =IF(O209="", "", 1 + MROUND(IFERROR(MINIFS(OFFSET(O209, -1, 0, -$B210, 1), OFFSET(O209, -1, 0, -$B210, 1), ">0"), O209) + (LN(1 + $Z210) ^ X$2) * X$3, 1)) -> 5105 | P210: =L210*$Y$2 -> 28972.75 | Q210: =M210*$Y$2 -> 2488.5 | R210: =N210*$Y$2 -> 321.5 | S210: =O210*$Y$2 -> 1276.25 | T210: =mround(B210/10,1)+1 -> 22 | Z210: =((1+average(D210,F210,H210,J210))^(B210-1)-1) -> 1280.1287
A211: Archer | B211: 210 | C211: =C210+D210*C210 -> 4023970.3 | D211: 0.05 | E211: =E210+F210*E210 -> 313.62155 | F211: 0.02 | G211: =G210+H210*G210 -> 2682646.9 | H211: 0.05 | I211: =I210+J210*I210 -> 627.24311 | J211: 0.02 | K211: 0 | L211: =IF(L210="", "", 1 + MROUND(IFERROR(MINIFS(OFFSET(L210, -1, 0, -$B211, 1), OFFSET(L210, -1, 0, -$B211, 1), ">0"), L210) + (LN(1 + $Z211) ^ U$2) * U$3, 1)) -> 116887 | M211: =IF(M210="", "", 1 + MROUND(IFERROR(MINIFS(OFFSET(M210, -1, 0, -$B211, 1), OFFSET(M210, -1, 0, -$B211, 1), ">0"), M210) + (LN(1 + $Z211) ^ V$2) * V$3, 1)) -> 10035 | N211: =IF(N210="", "", 1 + MROUND(IFERROR(MINIFS(OFFSET(N210, -1, 0, -$B211, 1), OFFSET(N210, -1, 0, -$B211, 1), ">0"), N210) + (LN(1 + $Z211) ^ W$2) * W$3, 1)) -> 1327 | O211: =IF(O210="", "", 1 + MROUND(IFERROR(MINIFS(OFFSET(O210, -1, 0, -$B211, 1), OFFSET(O210, -1, 0, -$B211, 1), ">0"), O210) + (LN(1 + $Z211) ^ X$2) * X$3, 1)) -> 5146 | P211: =L211*$Y$2 -> 29221.75 | Q211: =M211*$Y$2 -> 2508.75 | R211: =N211*$Y$2 -> 331.75 | S211: =O211*$Y$2 -> 1286.5 | T211: =mround(B211/10,1)+1 -> 22 | Z211: =((1+average(D211,F211,H211,J211))^(B211-1)-1) -> 1324.9682
A212: Archer | B212: 211 | C212: =C211+D211*C211 -> 4225168.8 | D212: 0.05 | E212: =E211+F211*E211 -> 319.89399 | F212: 0.02 | G212: =G211+H211*G211 -> 2816779.2 | H212: 0.05 | I212: =I211+J211*I211 -> 639.78797 | J212: 0.02 | K212: 0 | L212: =IF(L211="", "", 1 + MROUND(IFERROR(MINIFS(OFFSET(L211, -1, 0, -$B212, 1), OFFSET(L211, -1, 0, -$B212, 1), ">0"), L211) + (LN(1 + $Z212) ^ U$2) * U$3, 1)) -> 117886 | M212: =IF(M211="", "", 1 + MROUND(IFERROR(MINIFS(OFFSET(M211, -1, 0, -$B212, 1), OFFSET(M211, -1, 0, -$B212, 1), ">0"), M211) + (LN(1 + $Z212) ^ V$2) * V$3, 1)) -> 10116 | N212: =IF(N211="", "", 1 + MROUND(IFERROR(MINIFS(OFFSET(N211, -1, 0, -$B212, 1), OFFSET(N211, -1, 0, -$B212, 1), ">0"), N211) + (LN(1 + $Z212) ^ W$2) * W$3, 1)) -> 1368 | O212: =IF(O211="", "", 1 + MROUND(IFERROR(MINIFS(OFFSET(O211, -1, 0, -$B212, 1), OFFSET(O211, -1, 0, -$B212, 1), ">0"), O211) + (LN(1 + $Z212) ^ X$2) * X$3, 1)) -> 5187 | P212: =L212*$Y$2 -> 29471.5 | Q212: =M212*$Y$2 -> 2529 | R212: =N212*$Y$2 -> 342 | S212: =O212*$Y$2 -> 1296.75 | T212: =mround(B212/10,1)+1 -> 22 | Z212: =((1+average(D212,F212,H212,J212))^(B212-1)-1) -> 1371.3771
A213: Archer | B213: 212 | C213: =C212+D212*C212 -> 4436427.2 | D213: 0.05 | E213: =E212+F212*E212 -> 326.29186 | F213: 0.02 | G213: =G212+H212*G212 -> 2957618.2 | H213: 0.05 | I213: =I212+J212*I212 -> 652.58373 | J213: 0.02 | K213: 0 | L213: =IF(L212="", "", 1 + MROUND(IFERROR(MINIFS(OFFSET(L212, -1, 0, -$B213, 1), OFFSET(L212, -1, 0, -$B213, 1), ">0"), L212) + (LN(1 + $Z213) ^ U$2) * U$3, 1)) -> 118888 | M213: =IF(M212="", "", 1 + MROUND(IFERROR(MINIFS(OFFSET(M212, -1, 0, -$B213, 1), OFFSET(M212, -1, 0, -$B213, 1), ">0"), M212) + (LN(1 + $Z213) ^ V$2) * V$3, 1)) -> 10197 | N213: =IF(N212="", "", 1 + MROUND(IFERROR(MINIFS(OFFSET(N212, -1, 0, -$B213, 1), OFFSET(N212, -1, 0, -$B213, 1), ">0"), N212) + (LN(1 + $Z213) ^ W$2) * W$3, 1)) -> 1409 | O213: =IF(O212="", "", 1 + MROUND(IFERROR(MINIFS(OFFSET(O212, -1, 0, -$B213, 1), OFFSET(O212, -1, 0, -$B213, 1), ">0"), O212) + (LN(1 + $Z213) ^ X$2) * X$3, 1)) -> 5228 | P213: =L213*$Y$2 -> 29722 | Q213: =M213*$Y$2 -> 2549.25 | R213: =N213*$Y$2 -> 352.25 | S213: =O213*$Y$2 -> 1307 | T213: =mround(B213/10,1)+1 -> 22 | Z213: =((1+average(D213,F213,H213,J213))^(B213-1)-1) -> 1419.4103
... A301: Archer | B301: 300 | C301: =C300+D300*C300 -> 3.2485659e+08 | D301: 0.05 | E301: =E300+F300*E300 -> 1863.8946 | F301: 0.02 | G301: =G300+H300*G300 -> 2.1657106e+08 | H301: 0.05 | I301: =I300+J300*I300 -> 3727.7893 | J301: 0.02 | K301: 0 | L301: =IF(L300="", "", 1 + MROUND(IFERROR(MINIFS(OFFSET(L300, -1, 0, -$B301, 1), OFFSET(L300, -1, 0, -$B301, 1), ">0"), L300) + (LN(1 + $Z301) ^ U$2) * U$3, 1)) -> 219612 | M301: =IF(M300="", "", 1 + MROUND(IFERROR(MINIFS(OFFSET(M300, -1, 0, -$B301, 1), OFFSET(M300, -1, 0, -$B301, 1), ">0"), M300) + (LN(1 + $Z301) ^ V$2) * V$3, 1)) -> 18334 | N301: =IF(N300="", "", 1 + MROUND(IFERROR(MINIFS(OFFSET(N300, -1, 0, -$B301, 1), OFFSET(N300, -1, 0, -$B301, 1), ">0"), N300) + (LN(1 + $Z301) ^ W$2) * W$3, 1)) -> 5522 | O301: =IF(O300="", "", 1 + MROUND(IFERROR(MINIFS(OFFSET(O300, -1, 0, -$B301, 1), OFFSET(O300, -1, 0, -$B301, 1), ">0"), O300) + (LN(1 + $Z301) ^ X$2) * X$3, 1)) -> 9341 | P301: =L301*$Y$2 -> 54903 | Q301: =M301*$Y$2 -> 4583.5 | R301: =N301*$Y$2 -> 1380.5 | S301: =O301*$Y$2 -> 2335.25 | T301: =mround(B301/10,1)+1 -> 31 | Z301: =((1+average(D301,F301,H301,J301))^(B301-1)-1) -> 29319.042
A302: Pikeman | B302: 1 | C302: 300 | D302: 0.05 | E302: 10 | F302: 0.02 | G302: 45 | H302: 0.05 | I302: 45 | J302: 0.02 | K302: 0 | L302: 1000 | O302: 50 | P302: =L302*$Y$2 -> 250 | Q302: =M302*$Y$2 -> 0 | R302: =N302*$Y$2 -> 0 | S302: =O302*$Y$2 -> 12.5 | T302: =mround(B302/10,1)+1 -> 1 | Z302: =((1+average(D302,F302,H302,J302))^(B302-1)-1) -> 0
A303: Pikeman | B303: 2 | C303: =C302+D302*C302 -> 315 | D303: 0.05 | E303: =E302+F302*E302 -> 10.2 | F303: 0.02 | G303: =G302+H302*G302 -> 47.25 | H303: 0.05 | I303: =I302+J302*I302 -> 45.9 | J303: 0.02 | K303: 0 | L303: =IF(L302="", "", 1 + MROUND(IFERROR(MINIFS(OFFSET(L302, -1, 0, -$B303, 1), OFFSET(L302, -1, 0, -$B303, 1), ">0"), L302) + (LN(1 + $Z303) ^ U$2) * U$3, 1)) -> 1025 | M303: =IF(M302="", "", 1 + MROUND(IFERROR(MINIFS(OFFSET(M302, -1, 0, -$B303, 1), OFFSET(M302, -1, 0, -$B303, 1), ">0"), M302) + (LN(1 + $Z303) ^ V$2) * V$3, 1)) | N303: =IF(N302="", "", 1 + MROUND(IFERROR(MINIFS(OFFSET(N302, -1, 0, -$B303, 1), OFFSET(N302, -1, 0, -$B303, 1), ">0"), N302) + (LN(1 + $Z303) ^ W$2) * W$3, 1)) | O303: =IF(O302="", "", 1 + MROUND(IFERROR(MINIFS(OFFSET(O302, -1, 0, -$B303, 1), OFFSET(O302, -1, 0, -$B303, 1), ">0"), O302) + (LN(1 + $Z303) ^ X$2) * X$3, 1)) -> 52 | P303: =L303*$Y$2 -> 256.25 | Q303: =M303*$Y$2 -> 0 | R303: =N303*$Y$2 -> 0 | S303: =O303*$Y$2 -> 13 | T303: =mround(B303/10,1)+1 -> 1 | Z303: =((1+average(D303,F303,H303,J303))^(B303-1)-1) -> 0.035
A304: Pikeman | B304: 3 | C304: =C303+D303*C303 -> 330.75 | D304: 0.05 | E304: =E303+F303*E303 -> 10.404 | F304: 0.02 | G304: =G303+H303*G303 -> 49.6125 | H304: 0.05 | I304: =I303+J303*I303 -> 46.818 | J304: 0.02 | K304: 0 | L304: =IF(L303="", "", 1 + MROUND(IFERROR(MINIFS(OFFSET(L303, -1, 0, -$B304, 1), OFFSET(L303, -1, 0, -$B304, 1), ">0"), L303) + (LN(1 + $Z304) ^ U$2) * U$3, 1)) -> 1064 | M304: =IF(M303="", "", 1 + MROUND(IFERROR(MINIFS(OFFSET(M303, -1, 0, -$B304, 1), OFFSET(M303, -1, 0, -$B304, 1), ">0"), M303) + (LN(1 + $Z304) ^ V$2) * V$3, 1)) | N304: =IF(N303="", "", 1 + MROUND(IFERROR(MINIFS(OFFSET(N303, -1, 0, -$B304, 1), OFFSET(N303, -1, 0, -$B304, 1), ">0"), N303) + (LN(1 + $Z304) ^ W$2) * W$3, 1)) | O304: =IF(O303="", "", 1 + MROUND(IFERROR(MINIFS(OFFSET(O303, -1, 0, -$B304, 1), OFFSET(O303, -1, 0, -$B304, 1), ">0"), O303) + (LN(1 + $Z304) ^ X$2) * X$3, 1)) -> 55 | P304: =L304*$Y$2 -> 266 | Q304: =M304*$Y$2 -> 0 | R304: =N304*$Y$2 -> 0 | S304: =O304*$Y$2 -> 13.75 | T304: =mround(B304/10,1)+1 -> 1 | Z304: =((1+average(D304,F304,H304,J304))^(B304-1)-1) -> 0.071225
A305: Pikeman | B305: 4 | C305: =C304+D304*C304 -> 347.2875 | D305: 0.05 | E305: =E304+F304*E304 -> 10.61208 | F305: 0.02 | G305: =G304+H304*G304 -> 52.093125 | H305: 0.05 | I305: =I304+J304*I304 -> 47.75436 | J305: 0.02 | K305: 0 | L305: =IF(L304="", "", 1 + MROUND(IFERROR(MINIFS(OFFSET(L304, -1, 0, -$B305, 1), OFFSET(L304, -1, 0, -$B305, 1), ">0"), L304) + (LN(1 + $Z305) ^ U$2) * U$3, 1)) -> 1116 | M305: =IF(M304="", "", 1 + MROUND(IFERROR(MINIFS(OFFSET(M304, -1, 0, -$B305, 1), OFFSET(M304, -1, 0, -$B305, 1), ">0"), M304) + (LN(1 + $Z305) ^ V$2) * V$3, 1)) | N305: =IF(N304="", "", 1 + MROUND(IFERROR(MINIFS(OFFSET(N304, -1, 0, -$B305, 1), OFFSET(N304, -1, 0, -$B305, 1), ">0"), N304) + (LN(1 + $Z305) ^ W$2) * W$3, 1)) | O305: =IF(O304="", "", 1 + MROUND(IFERROR(MINIFS(OFFSET(O304, -1, 0, -$B305, 1), OFFSET(O304, -1, 0, -$B305, 1), ">0"), O304) + (LN(1 + $Z305) ^ X$2) * X$3, 1)) -> 58 | P305: =L305*$Y$2 -> 279 | Q305: =M305*$Y$2 -> 0 | R305: =N305*$Y$2 -> 0 | S305: =O305*$Y$2 -> 14.5 | T305: =mround(B305/10,1)+1 -> 1 | Z305: =((1+average(D305,F305,H305,J305))^(B305-1)-1) -> 0.10871788
A306: Pikeman | B306: 5 | C306: =C305+D305*C305 -> 364.65188 | D306: 0.05 | E306: =E305+F305*E305 -> 10.824322 | F306: 0.02 | G306: =G305+H305*G305 -> 54.697781 | H306: 0.05 | I306: =I305+J305*I305 -> 48.709447 | J306: 0.02 | K306: 0 | L306: =IF(L305="", "", 1 + MROUND(IFERROR(MINIFS(OFFSET(L305, -1, 0, -$B306, 1), OFFSET(L305, -1, 0, -$B306, 1), ">0"), L305) + (LN(1 + $Z306) ^ U$2) * U$3, 1)) -> 1179 | M306: =IF(M305="", "", 1 + MROUND(IFERROR(MINIFS(OFFSET(M305, -1, 0, -$B306, 1), OFFSET(M305, -1, 0, -$B306, 1), ">0"), M305) + (LN(1 + $Z306) ^ V$2) * V$3, 1)) | N306: =IF(N305="", "", 1 + MROUND(IFERROR(MINIFS(OFFSET(N305, -1, 0, -$B306, 1), OFFSET(N305, -1, 0, -$B306, 1), ">0"), N305) + (LN(1 + $Z306) ^ W$2) * W$3, 1)) | O306: =IF(O305="", "", 1 + MROUND(IFERROR(MINIFS(OFFSET(O305, -1, 0, -$B306, 1), OFFSET(O305, -1, 0, -$B306, 1), ">0"), O305) + (LN(1 + $Z306) ^ X$2) * X$3, 1)) -> 61 | P306: =L306*$Y$2 -> 294.75 | Q306: =M306*$Y$2 -> 0 | R306: =N306*$Y$2 -> 0 | S306: =O306*$Y$2 -> 15.25 | T306: =mround(B306/10,1)+1 -> 2 | Z306: =((1+average(D306,F306,H306,J306))^(B306-1)-1) -> 0.147523
A307: Pikeman | B307: 6 | C307: =C306+D306*C306 -> 382.88447 | D307: 0.05 | E307: =E306+F306*E306 -> 11.040808 | F307: 0.02 | G307: =G306+H306*G306 -> 57.43267 | H307: 0.05 | I307: =I306+J306*I306 -> 49.683636 | J307: 0.02 | K307: 0 | L307: =IF(L306="", "", 1 + MROUND(IFERROR(MINIFS(OFFSET(L306, -1, 0, -$B307, 1), OFFSET(L306, -1, 0, -$B307, 1), ">0"), L306) + (LN(1 + $Z307) ^ U$2) * U$3, 1)) -> 1253 | M307: =IF(M306="", "", 1 + MROUND(IFERROR(MINIFS(OFFSET(M306, -1, 0, -$B307, 1), OFFSET(M306, -1, 0, -$B307, 1), ">0"), M306) + (LN(1 + $Z307) ^ V$2) * V$3, 1)) | N307: =IF(N306="", "", 1 + MROUND(IFERROR(MINIFS(OFFSET(N306, -1, 0, -$B307, 1), OFFSET(N306, -1, 0, -$B307, 1), ">0"), N306) + (LN(1 + $Z307) ^ W$2) * W$3, 1)) | O307: =IF(O306="", "", 1 + MROUND(IFERROR(MINIFS(OFFSET(O306, -1, 0, -$B307, 1), OFFSET(O306, -1, 0, -$B307, 1), ">0"), O306) + (LN(1 + $Z307) ^ X$2) * X$3, 1)) -> 65 | P307: =L307*$Y$2 -> 313.25 | Q307: =M307*$Y$2 -> 0 | R307: =N307*$Y$2 -> 0 | S307: =O307*$Y$2 -> 16.25 | T307: =mround(B307/10,1)+1 -> 2 | Z307: =((1+average(D307,F307,H307,J307))^(B307-1)-1) -> 0.18768631
A308: Pikeman | B308: 7 | C308: =C307+D307*C307 -> 402.02869 | D308: 0.05 | E308: =E307+F307*E307 -> 11.261624 | F308: 0.02 | G308: =G307+H307*G307 -> 60.304304 | H308: 0.05 | I308: =I307+J307*I307 -> 50.677309 | J308: 0.02 | K308: 0 | L308: =IF(L307="", "", 1 + MROUND(IFERROR(MINIFS(OFFSET(L307, -1, 0, -$B308, 1), OFFSET(L307, -1, 0, -$B308, 1), ">0"), L307) + (LN(1 + $Z308) ^ U$2) * U$3, 1)) -> 1337 | M308: =IF(M307="", "", 1 + MROUND(IFERROR(MINIFS(OFFSET(M307, -1, 0, -$B308, 1), OFFSET(M307, -1, 0, -$B308, 1), ">0"), M307) + (LN(1 + $Z308) ^ V$2) * V$3, 1)) | N308: =IF(N307="", "", 1 + MROUND(IFERROR(MINIFS(OFFSET(N307, -1, 0, -$B308, 1), OFFSET(N307, -1, 0, -$B308, 1), ">0"), N307) + (LN(1 + $Z308) ^ W$2) * W$3, 1)) | O308: =IF(O307="", "", 1 + MROUND(IFERROR(MINIFS(OFFSET(O307, -1, 0, -$B308, 1), OFFSET(O307, -1, 0, -$B308, 1), ">0"), O307) + (LN(1 + $Z308) ^ X$2) * X$3, 1)) -> 69 | P308: =L308*$Y$2 -> 334.25 | Q308: =M308*$Y$2 -> 0 | R308: =N308*$Y$2 -> 0 | S308: =O308*$Y$2 -> 17.25 | T308: =mround(B308/10,1)+1 -> 2 | Z308: =((1+average(D308,F308,H308,J308))^(B308-1)-1) -> 0.22925533
A309: Pikeman | B309: 8 | C309: =C308+D308*C308 -> 422.13013 | D309: 0.05 | E309: =E308+F308*E308 -> 11.486857 | F309: 0.02 | G309: =G308+H308*G308 -> 63.319519 | H309: 0.05 | I309: =I308+J308*I308 -> 51.690855 | J309: 0.02 | K309: 0 | L309: =IF(L308="", "", 1 + MROUND(IFERROR(MINIFS(OFFSET(L308, -1, 0, -$B309, 1), OFFSET(L308, -1, 0, -$B309, 1), ">0"), L308) + (LN(1 + $Z309) ^ U$2) * U$3, 1)) -> 1430 | M309: =IF(M308="", "", 1 + MROUND(IFERROR(MINIFS(OFFSET(M308, -1, 0, -$B309, 1), OFFSET(M308, -1, 0, -$B309, 1), ">0"), M308) + (LN(1 + $Z309) ^ V$2) * V$3, 1)) | N309: =IF(N308="", "", 1 + MROUND(IFERROR(MINIFS(OFFSET(N308, -1, 0, -$B309, 1), OFFSET(N308, -1, 0, -$B309, 1), ">0"), N308) + (LN(1 + $Z309) ^ W$2) * W$3, 1)) | O309: =IF(O308="", "", 1 + MROUND(IFERROR(MINIFS(OFFSET(O308, -1, 0, -$B309, 1), OFFSET(O308, -1, 0, -$B309, 1), ">0"), O308) + (LN(1 + $Z309) ^ X$2) * X$3, 1)) -> 74 | P309: =L309*$Y$2 -> 357.5 | Q309: =M309*$Y$2 -> 0 | R309: =N309*$Y$2 -> 0 | S309: =O309*$Y$2 -> 18.5 | T309: =mround(B309/10,1)+1 -> 2 | Z309: =((1+average(D309,F309,H309,J309))^(B309-1)-1) -> 0.27227926
A310: Pikeman | B310: 9 | C310: =C309+D309*C309 -> 443.23663 | D310: 0.05 | E310: =E309+F309*E309 -> 11.716594 | F310: 0.02 | G310: =G309+H309*G309 -> 66.485495 | H310: 0.05 | I310: =I309+J309*I309 -> 52.724672 | J310: 0.02 | K310: 0 | L310: =IF(L309="", "", 1 + MROUND(IFERROR(MINIFS(OFFSET(L309, -1, 0, -$B310, 1), OFFSET(L309, -1, 0, -$B310, 1), ">0"), L309) + (LN(1 + $Z310) ^ U$2) * U$3, 1)) -> 1532 | M310: =IF(M309="", "", 1 + MROUND(IFERROR(MINIFS(OFFSET(M309, -1, 0, -$B310, 1), OFFSET(M309, -1, 0, -$B310, 1), ">0"), M309) + (LN(1 + $Z310) ^ V$2) * V$3, 1)) | N310: =IF(N309="", "", 1 + MROUND(IFERROR(MINIFS(OFFSET(N309, -1, 0, -$B310, 1), OFFSET(N309, -1, 0, -$B310, 1), ">0"), N309) + (LN(1 + $Z310) ^ W$2) * W$3, 1)) | O310: =IF(O309="", "", 1 + MROUND(IFERROR(MINIFS(OFFSET(O309, -1, 0, -$B310, 1), OFFSET(O309, -1, 0, -$B310, 1), ">0"), O309) + (LN(1 + $Z310) ^ X$2) * X$3, 1)) -> 79 | P310: =L310*$Y$2 -> 383 | Q310: =M310*$Y$2 -> 0 | R310: =N310*$Y$2 -> 0 | S310: =O310*$Y$2 -> 19.75 | T310: =mround(B310/10,1)+1 -> 2 | Z310: =((1+average(D310,F310,H310,J310))^(B310-1)-1) -> 0.31680904
A311: Pikeman | B311: 10 | C311: =C310+D310*C310 -> 465.39846 | D311: 0.05 | E311: =E310+F310*E310 -> 11.950926 | F311: 0.02 | G311: =G310+H310*G310 -> 69.80977 | H311: 0.05 | I311: =I310+J310*I310 -> 53.779166 | J311: 0.02 | K311: 0 | L311: =IF(L310="", "", 1 + MROUND(IFERROR(MINIFS(OFFSET(L310, -1, 0, -$B311, 1), OFFSET(L310, -1, 0, -$B311, 1), ">0"), L310) + (LN(1 + $Z311) ^ U$2) * U$3, 1)) -> 1643 | M311: =IF(M310="", "", 1 + MROUND(IFERROR(MINIFS(OFFSET(M310, -1, 0, -$B311, 1), OFFSET(M310, -1, 0, -$B311, 1), ">0"), M310) + (LN(1 + $Z311) ^ V$2) * V$3, 1)) | N311: =IF(N310="", "", 1 + MROUND(IFERROR(MINIFS(OFFSET(N310, -1, 0, -$B311, 1), OFFSET(N310, -1, 0, -$B311, 1), ">0"), N310) + (LN(1 + $Z311) ^ W$2) * W$3, 1)) | O311: =IF(O310="", "", 1 + MROUND(IFERROR(MINIFS(OFFSET(O310, -1, 0, -$B311, 1), OFFSET(O310, -1, 0, -$B311, 1), ">0"), O310) + (LN(1 + $Z311) ^ X$2) * X$3, 1)) -> 84 | P311: =L311*$Y$2 -> 410.75 | Q311: =M311*$Y$2 -> 0 | R311: =N311*$Y$2 -> 0 | S311: =O311*$Y$2 -> 21 | T311: =mround(B311/10,1)+1 -> 2 | Z311: =((1+average(D311,F311,H311,J311))^(B311-1)-1) -> 0.36289735
A312: Pikeman | B312: 11 | C312: =C311+D311*C311 -> 488.66839 | D312: 0.05 | E312: =E311+F311*E311 -> 12.189944 | F312: 0.02 | G312: =G311+H311*G311 -> 73.300258 | H312: 0.05 | I312: =I311+J311*I311 -> 54.854749 | J312: 0.02 | K312: 0 | L312: =IF(L311="", "", 1 + MROUND(IFERROR(MINIFS(OFFSET(L311, -1, 0, -$B312, 1), OFFSET(L311, -1, 0, -$B312, 1), ">0"), L311) + (LN(1 + $Z312) ^ U$2) * U$3, 1)) -> 1762 | M312: =IF(M311="", "", 1 + MROUND(IFERROR(MINIFS(OFFSET(M311, -1, 0, -$B312, 1), OFFSET(M311, -1, 0, -$B312, 1), ">0"), M311) + (LN(1 + $Z312) ^ V$2) * V$3, 1)) | N312: =IF(N311="", "", 1 + MROUND(IFERROR(MINIFS(OFFSET(N311, -1, 0, -$B312, 1), OFFSET(N311, -1, 0, -$B312, 1), ">0"), N311) + (LN(1 + $Z312) ^ W$2) * W$3, 1)) | O312: =IF(O311="", "", 1 + MROUND(IFERROR(MINIFS(OFFSET(O311, -1, 0, -$B312, 1), OFFSET(O311, -1, 0, -$B312, 1), ">0"), O311) + (LN(1 + $Z312) ^ X$2) * X$3, 1)) -> 90 | P312: =L312*$Y$2 -> 440.5 | Q312: =M312*$Y$2 -> 0 | R312: =N312*$Y$2 -> 0 | S312: =O312*$Y$2 -> 22.5 | T312: =mround(B312/10,1)+1 -> 2 | Z312: =((1+average(D312,F312,H312,J312))^(B312-1)-1) -> 0.41059876
A313: Pikeman | B313: 12 | C313: =C312+D312*C312 -> 513.10181 | D313: 0.05 | E313: =E312+F312*E312 -> 12.433743 | F313: 0.02 | G313: =G312+H312*G312 -> 76.965271 | H313: 0.05 | I313: =I312+J312*I312 -> 55.951844 | J313: 0.02 | K313: 0 | L313: =IF(L312="", "", 1 + MROUND(IFERROR(MINIFS(OFFSET(L312, -1, 0, -$B313, 1), OFFSET(L312, -1, 0, -$B313, 1), ">0"), L312) + (LN(1 + $Z313) ^ U$2) * U$3, 1)) -> 1890 | M313: =IF(M312="", "", 1 + MROUND(IFERROR(MINIFS(OFFSET(M312, -1, 0, -$B313, 1), OFFSET(M312, -1, 0, -$B313, 1), ">0"), M312) + (LN(1 + $Z313) ^ V$2) * V$3, 1)) | N313: =IF(N312="", "", 1 + MROUND(IFERROR(MINIFS(OFFSET(N312, -1, 0, -$B313, 1), OFFSET(N312, -1, 0, -$B313, 1), ">0"), N312) + (LN(1 + $Z313) ^ W$2) * W$3, 1)) | O313: =IF(O312="", "", 1 + MROUND(IFERROR(MINIFS(OFFSET(O312, -1, 0, -$B313, 1), OFFSET(O312, -1, 0, -$B313, 1), ">0"), O312) + (LN(1 + $Z313) ^ X$2) * X$3, 1)) -> 96 | P313: =L313*$Y$2 -> 472.5 | Q313: =M313*$Y$2 -> 0 | R313: =N313*$Y$2 -> 0 | S313: =O313*$Y$2 -> 24 | T313: =mround(B313/10,1)+1 -> 2 | Z313: =((1+average(D313,F313,H313,J313))^(B313-1)-1) -> 0.45996972
A314: Pikeman | B314: 13 | C314: =C313+D313*C313 -> 538.7569 | D314: 0.05 | E314: =E313+F313*E313 -> 12.682418 | F314: 0.02 | G314: =G313+H313*G313 -> 80.813535 | H314: 0.05 | I314: =I313+J313*I313 -> 57.070881 | J314: 0.02 | K314: 0 | L314: =IF(L313="", "", 1 + MROUND(IFERROR(MINIFS(OFFSET(L313, -1, 0, -$B314, 1), OFFSET(L313, -1, 0, -$B314, 1), ">0"), L313) + (LN(1 + $Z314) ^ U$2) * U$3, 1)) -> 2026 | M314: =IF(M313="", "", 1 + MROUND(IFERROR(MINIFS(OFFSET(M313, -1, 0, -$B314, 1), OFFSET(M313, -1, 0, -$B314, 1), ">0"), M313) + (LN(1 + $Z314) ^ V$2) * V$3, 1)) | N314: =IF(N313="", "", 1 + MROUND(IFERROR(MINIFS(OFFSET(N313, -1, 0, -$B314, 1), OFFSET(N313, -1, 0, -$B314, 1), ">0"), N313) + (LN(1 + $Z314) ^ W$2) * W$3, 1)) | O314: =IF(O313="", "", 1 + MROUND(IFERROR(MINIFS(OFFSET(O313, -1, 0, -$B314, 1), OFFSET(O313, -1, 0, -$B314, 1), ">0"), O313) + (LN(1 + $Z314) ^ X$2) * X$3, 1)) -> 102 | P314: =L314*$Y$2 -> 506.5 | Q314: =M314*$Y$2 -> 0 | R314: =N314*$Y$2 -> 0 | S314: =O314*$Y$2 -> 25.5 | T314: =mround(B314/10,1)+1 -> 2 | Z314: =((1+average(D314,F314,H314,J314))^(B314-1)-1) -> 0.51106866
... A400: Pikeman | B400: 99 | C400: =C399+D399*C399 -> 35782.655 | D400: 0.05 | E400: =E399+F399*E399 -> 69.633277 | F400: 0.02 | G400: =G399+H399*G399 -> 5367.3983 | H400: 0.05 | I400: =I399+J399*I399 -> 313.34975 | J400: 0.02 | K400: 0 | L400: =IF(L399="", "", 1 + MROUND(IFERROR(MINIFS(OFFSET(L399, -1, 0, -$B400, 1), OFFSET(L399, -1, 0, -$B400, 1), ">0"), L399) + (LN(1 + $Z400) ^ U$2) * U$3, 1)) -> 35132 | M400: =IF(M399="", "", 1 + MROUND(IFERROR(MINIFS(OFFSET(M399, -1, 0, -$B400, 1), OFFSET(M399, -1, 0, -$B400, 1), ">0"), M399) + (LN(1 + $Z400) ^ V$2) * V$3, 1)) | N400: =IF(N399="", "", 1 + MROUND(IFERROR(MINIFS(OFFSET(N399, -1, 0, -$B400, 1), OFFSET(N399, -1, 0, -$B400, 1), ">0"), N399) + (LN(1 + $Z400) ^ W$2) * W$3, 1)) | O400: =IF(O399="", "", 1 + MROUND(IFERROR(MINIFS(OFFSET(O399, -1, 0, -$B400, 1), OFFSET(O399, -1, 0, -$B400, 1), ">0"), O399) + (LN(1 + $Z400) ^ X$2) * X$3, 1)) -> 1508 | P400: =L400*$Y$2 -> 8783 | Q400: =M400*$Y$2 -> 0 | R400: =N400*$Y$2 -> 0 | S400: =O400*$Y$2 -> 377 | T400: =mround(B400/10,1)+1 -> 11 | Z400: =((1+average(D400,F400,H400,J400))^(B400-1)-1) -> 28.117513
A401: Pikeman | B401: 100 | C401: =C400+D400*C400 -> 37571.788 | D401: 0.05 | E401: =E400+F400*E400 -> 71.025942 | F401: 0.02 | G401: =G400+H400*G400 -> 5635.7682 | H401: 0.05 | I401: =I400+J400*I400 -> 319.61674 | J401: 0.02 | K401: 0 | L401: =IF(L400="", "", 1 + MROUND(IFERROR(MINIFS(OFFSET(L400, -1, 0, -$B401, 1), OFFSET(L400, -1, 0, -$B401, 1), ">0"), L400) + (LN(1 + $Z401) ^ U$2) * U$3, 1)) -> 35723 | M401: =L401/10 -> 3572.3 | N401: =IF(N400="", "", 1 + MROUND(IFERROR(MINIFS(OFFSET(N400, -1, 0, -$B401, 1), OFFSET(N400, -1, 0, -$B401, 1), ">0"), N400) + (LN(1 + $Z401) ^ W$2) * W$3, 1)) | O401: =IF(O400="", "", 1 + MROUND(IFERROR(MINIFS(OFFSET(O400, -1, 0, -$B401, 1), OFFSET(O400, -1, 0, -$B401, 1), ">0"), O400) + (LN(1 + $Z401) ^ X$2) * X$3, 1)) -> 1533 | P401: =L401*$Y$2 -> 8930.75 | Q401: =M401*$Y$2 -> 893.075 | R401: =N401*$Y$2 -> 0 | S401: =O401*$Y$2 -> 383.25 | T401: =mround(B401/10,1)+1 -> 11 | Z401: =((1+average(D401,F401,H401,J401))^(B401-1)-1) -> 29.136626
A402: Pikeman | B402: 101 | C402: =C401+D401*C401 -> 39450.377 | D402: 0.05 | E402: =E401+F401*E401 -> 72.446461 | F402: 0.02 | G402: =G401+H401*G401 -> 5917.5566 | H402: 0.05 | I402: =I401+J401*I401 -> 326.00908 | J402: 0.02 | K402: 0 | L402: =IF(L401="", "", 1 + MROUND(IFERROR(MINIFS(OFFSET(L401, -1, 0, -$B402, 1), OFFSET(L401, -1, 0, -$B402, 1), ">0"), L401) + (LN(1 + $Z402) ^ U$2) * U$3, 1)) -> 36318 | M402: =IF(M401="", "", 1 + MROUND(IFERROR(MINIFS(OFFSET(M401, -1, 0, -$B402, 1), OFFSET(M401, -1, 0, -$B402, 1), ">0"), M401) + (LN(1 + $Z402) ^ V$2) * V$3, 1)) -> 3621 | N402: =IF(N401="", "", 1 + MROUND(IFERROR(MINIFS(OFFSET(N401, -1, 0, -$B402, 1), OFFSET(N401, -1, 0, -$B402, 1), ">0"), N401) + (LN(1 + $Z402) ^ W$2) * W$3, 1)) | O402: =IF(O401="", "", 1 + MROUND(IFERROR(MINIFS(OFFSET(O401, -1, 0, -$B402, 1), OFFSET(O401, -1, 0, -$B402, 1), ">0"), O401) + (LN(1 + $Z402) ^ X$2) * X$3, 1)) -> 1558 | P402: =L402*$Y$2 -> 9079.5 | Q402: =M402*$Y$2 -> 905.25 | R402: =N402*$Y$2 -> 0 | S402: =O402*$Y$2 -> 389.5 | T402: =mround(B402/10,1)+1 -> 11 | Z402: =((1+average(D402,F402,H402,J402))^(B402-1)-1) -> 30.191408
A403: Pikeman | B403: 102 | C403: =C402+D402*C402 -> 41422.896 | D403: 0.05 | E403: =E402+F402*E402 -> 73.89539 | F403: 0.02 | G403: =G402+H402*G402 -> 6213.4344 | H403: 0.05 | I403: =I402+J402*I402 -> 332.52926 | J403: 0.02 | K403: 0 | L403: =IF(L402="", "", 1 + MROUND(IFERROR(MINIFS(OFFSET(L402, -1, 0, -$B403, 1), OFFSET(L402, -1, 0, -$B403, 1), ">0"), L402) + (LN(1 + $Z403) ^ U$2) * U$3, 1)) -> 36917 | M403: =IF(M402="", "", 1 + MROUND(IFERROR(MINIFS(OFFSET(M402, -1, 0, -$B403, 1), OFFSET(M402, -1, 0, -$B403, 1), ">0"), M402) + (LN(1 + $Z403) ^ V$2) * V$3, 1)) -> 3670 | N403: =IF(N402="", "", 1 + MROUND(IFERROR(MINIFS(OFFSET(N402, -1, 0, -$B403, 1), OFFSET(N402, -1, 0, -$B403, 1), ">0"), N402) + (LN(1 + $Z403) ^ W$2) * W$3, 1)) | O403: =IF(O402="", "", 1 + MROUND(IFERROR(MINIFS(OFFSET(O402, -1, 0, -$B403, 1), OFFSET(O402, -1, 0, -$B403, 1), ">0"), O402) + (LN(1 + $Z403) ^ X$2) * X$3, 1)) -> 1583 | P403: =L403*$Y$2 -> 9229.25 | Q403: =M403*$Y$2 -> 917.5 | R403: =N403*$Y$2 -> 0 | S403: =O403*$Y$2 -> 395.75 | T403: =mround(B403/10,1)+1 -> 11 | Z403: =((1+average(D403,F403,H403,J403))^(B403-1)-1) -> 31.283107
A404: Pikeman | B404: 103 | C404: =C403+D403*C403 -> 43494.041 | D404: 0.05 | E404: =E403+F403*E403 -> 75.373298 | F404: 0.02 | G404: =G403+H403*G403 -> 6524.1062 | H404: 0.05 | I404: =I403+J403*I403 -> 339.17984 | J404: 0.02 | K404: 0 | L404: =IF(L403="", "", 1 + MROUND(IFERROR(MINIFS(OFFSET(L403, -1, 0, -$B404, 1), OFFSET(L403, -1, 0, -$B404, 1), ">0"), L403) + (LN(1 + $Z404) ^ U$2) * U$3, 1)) -> 37520 | M404: =IF(M403="", "", 1 + MROUND(IFERROR(MINIFS(OFFSET(M403, -1, 0, -$B404, 1), OFFSET(M403, -1, 0, -$B404, 1), ">0"), M403) + (LN(1 + $Z404) ^ V$2) * V$3, 1)) -> 3719 | N404: =IF(N403="", "", 1 + MROUND(IFERROR(MINIFS(OFFSET(N403, -1, 0, -$B404, 1), OFFSET(N403, -1, 0, -$B404, 1), ">0"), N403) + (LN(1 + $Z404) ^ W$2) * W$3, 1)) | O404: =IF(O403="", "", 1 + MROUND(IFERROR(MINIFS(OFFSET(O403, -1, 0, -$B404, 1), OFFSET(O403, -1, 0, -$B404, 1), ">0"), O403) + (LN(1 + $Z404) ^ X$2) * X$3, 1)) -> 1608 | P404: =L404*$Y$2 -> 9380 | Q404: =M404*$Y$2 -> 929.75 | R404: =N404*$Y$2 -> 0 | S404: =O404*$Y$2 -> 402 | T404: =mround(B404/10,1)+1 -> 11 | Z404: =((1+average(D404,F404,H404,J404))^(B404-1)-1) -> 32.413016
A405: Pikeman | B405: 104 | C405: =C404+D404*C404 -> 45668.743 | D405: 0.05 | E405: =E404+F404*E404 -> 76.880764 | F405: 0.02 | G405: =G404+H404*G404 -> 6850.3115 | H405: 0.05 | I405: =I404+J404*I404 -> 345.96344 | J405: 0.02 | K405: 0 | L405: =IF(L404="", "", 1 + MROUND(IFERROR(MINIFS(OFFSET(L404, -1, 0, -$B405, 1), OFFSET(L404, -1, 0, -$B405, 1), ">0"), L404) + (LN(1 + $Z405) ^ U$2) * U$3, 1)) -> 38127 | M405: =IF(M404="", "", 1 + MROUND(IFERROR(MINIFS(OFFSET(M404, -1, 0, -$B405, 1), OFFSET(M404, -1, 0, -$B405, 1), ">0"), M404) + (LN(1 + $Z405) ^ V$2) * V$3, 1)) -> 3768 | N405: =IF(N404="", "", 1 + MROUND(IFERROR(MINIFS(OFFSET(N404, -1, 0, -$B405, 1), OFFSET(N404, -1, 0, -$B405, 1), ">0"), N404) + (LN(1 + $Z405) ^ W$2) * W$3, 1)) | O405: =IF(O404="", "", 1 + MROUND(IFERROR(MINIFS(OFFSET(O404, -1, 0, -$B405, 1), OFFSET(O404, -1, 0, -$B405, 1), ">0"), O404) + (LN(1 + $Z405) ^ X$2) * X$3, 1)) -> 1633 | P405: =L405*$Y$2 -> 9531.75 | Q405: =M405*$Y$2 -> 942 | R405: =N405*$Y$2 -> 0 | S405: =O405*$Y$2 -> 408.25 | T405: =mround(B405/10,1)+1 -> 11 | Z405: =((1+average(D405,F405,H405,J405))^(B405-1)-1) -> 33.582472
A406: Pikeman | B406: 105 | C406: =C405+D405*C405 -> 47952.18 | D406: 0.05 | E406: =E405+F405*E405 -> 78.418379 | F406: 0.02 | G406: =G405+H405*G405 -> 7192.827 | H406: 0.05 | I406: =I405+J405*I405 -> 352.88271 | J406: 0.02 | K406: 0 | L406: =IF(L405="", "", 1 + MROUND(IFERROR(MINIFS(OFFSET(L405, -1, 0, -$B406, 1), OFFSET(L405, -1, 0, -$B406, 1), ">0"), L405) + (LN(1 + $Z406) ^ U$2) * U$3, 1)) -> 38738 | M406: =IF(M405="", "", 1 + MROUND(IFERROR(MINIFS(OFFSET(M405, -1, 0, -$B406, 1), OFFSET(M405, -1, 0, -$B406, 1), ">0"), M405) + (LN(1 + $Z406) ^ V$2) * V$3, 1)) -> 3818 | N406: =IF(N405="", "", 1 + MROUND(IFERROR(MINIFS(OFFSET(N405, -1, 0, -$B406, 1), OFFSET(N405, -1, 0, -$B406, 1), ">0"), N405) + (LN(1 + $Z406) ^ W$2) * W$3, 1)) | O406: =IF(O405="", "", 1 + MROUND(IFERROR(MINIFS(OFFSET(O405, -1, 0, -$B406, 1), OFFSET(O405, -1, 0, -$B406, 1), ">0"), O405) + (LN(1 + $Z406) ^ X$2) * X$3, 1)) -> 1658 | P406: =L406*$Y$2 -> 9684.5 | Q406: =M406*$Y$2 -> 954.5 | R406: =N406*$Y$2 -> 0 | S406: =O406*$Y$2 -> 414.5 | T406: =mround(B406/10,1)+1 -> 12 | Z406: =((1+average(D406,F406,H406,J406))^(B406-1)-1) -> 34.792858
A407: Pikeman | B407: 106 | C407: =C406+D406*C406 -> 50349.789 | D407: 0.05 | E407: =E406+F406*E406 -> 79.986747 | F407: 0.02 | G407: =G406+H406*G406 -> 7552.4684 | H407: 0.05 | I407: =I406+J406*I406 -> 359.94036 | J407: 0.02 | K407: 0 | L407: =IF(L406="", "", 1 + MROUND(IFERROR(MINIFS(OFFSET(L406, -1, 0, -$B407, 1), OFFSET(L406, -1, 0, -$B407, 1), ">0"), L406) + (LN(1 + $Z407) ^ U$2) * U$3, 1)) -> 39353 | M407: =IF(M406="", "", 1 + MROUND(IFERROR(MINIFS(OFFSET(M406, -1, 0, -$B407, 1), OFFSET(M406, -1, 0, -$B407, 1), ">0"), M406) + (LN(1 + $Z407) ^ V$2) * V$3, 1)) -> 3868 | N407: =IF(N406="", "", 1 + MROUND(IFERROR(MINIFS(OFFSET(N406, -1, 0, -$B407, 1), OFFSET(N406, -1, 0, -$B407, 1), ">0"), N406) + (LN(1 + $Z407) ^ W$2) * W$3, 1)) | O407: =IF(O406="", "", 1 + MROUND(IFERROR(MINIFS(OFFSET(O406, -1, 0, -$B407, 1), OFFSET(O406, -1, 0, -$B407, 1), ">0"), O406) + (LN(1 + $Z407) ^ X$2) * X$3, 1)) -> 1684 | P407: =L407*$Y$2 -> 9838.25 | Q407: =M407*$Y$2 -> 967 | R407: =N407*$Y$2 -> 0 | S407: =O407*$Y$2 -> 421 | T407: =mround(B407/10,1)+1 -> 12 | Z407: =((1+average(D407,F407,H407,J407))^(B407-1)-1) -> 36.045608
A408: Pikeman | B408: 107 | C408: =C407+D407*C407 -> 52867.279 | D408: 0.05 | E408: =E407+F407*E407 -> 81.586482 | F408: 0.02 | G408: =G407+H407*G407 -> 7930.0918 | H408: 0.05 | I408: =I407+J407*I407 -> 367.13917 | J408: 0.02 | K408: 0 | L408: =IF(L407="", "", 1 + MROUND(IFERROR(MINIFS(OFFSET(L407, -1, 0, -$B408, 1), OFFSET(L407, -1, 0, -$B408, 1), ">0"), L407) + (LN(1 + $Z408) ^ U$2) * U$3, 1)) -> 39972 | M408: =IF(M407="", "", 1 + MROUND(IFERROR(MINIFS(OFFSET(M407, -1, 0, -$B408, 1), OFFSET(M407, -1, 0, -$B408, 1), ">0"), M407) + (LN(1 + $Z408) ^ V$2) * V$3, 1)) -> 3918 | N408: =IF(N407="", "", 1 + MROUND(IFERROR(MINIFS(OFFSET(N407, -1, 0, -$B408, 1), OFFSET(N407, -1, 0, -$B408, 1), ">0"), N407) + (LN(1 + $Z408) ^ W$2) * W$3, 1)) | O408: =IF(O407="", "", 1 + MROUND(IFERROR(MINIFS(OFFSET(O407, -1, 0, -$B408, 1), OFFSET(O407, -1, 0, -$B408, 1), ">0"), O407) + (LN(1 + $Z408) ^ X$2) * X$3, 1)) -> 1710 | P408: =L408*$Y$2 -> 9993 | Q408: =M408*$Y$2 -> 979.5 | R408: =N408*$Y$2 -> 0 | S408: =O408*$Y$2 -> 427.5 | T408: =mround(B408/10,1)+1 -> 12 | Z408: =((1+average(D408,F408,H408,J408))^(B408-1)-1) -> 37.342204
A409: Pikeman | B409: 108 | C409: =C408+D408*C408 -> 55510.643 | D409: 0.05 | E409: =E408+F408*E408 -> 83.218212 | F409: 0.02 | G409: =G408+H408*G408 -> 8326.5964 | H409: 0.05 | I409: =I408+J408*I408 -> 374.48195 | J409: 0.02 | K409: 0 | L409: =IF(L408="", "", 1 + MROUND(IFERROR(MINIFS(OFFSET(L408, -1, 0, -$B409, 1), OFFSET(L408, -1, 0, -$B409, 1), ">0"), L408) + (LN(1 + $Z409) ^ U$2) * U$3, 1)) -> 40595 | M409: =IF(M408="", "", 1 + MROUND(IFERROR(MINIFS(OFFSET(M408, -1, 0, -$B409, 1), OFFSET(M408, -1, 0, -$B409, 1), ">0"), M408) + (LN(1 + $Z409) ^ V$2) * V$3, 1)) -> 3969 | N409: =IF(N408="", "", 1 + MROUND(IFERROR(MINIFS(OFFSET(N408, -1, 0, -$B409, 1), OFFSET(N408, -1, 0, -$B409, 1), ">0"), N408) + (LN(1 + $Z409) ^ W$2) * W$3, 1)) | O409: =IF(O408="", "", 1 + MROUND(IFERROR(MINIFS(OFFSET(O408, -1, 0, -$B409, 1), OFFSET(O408, -1, 0, -$B409, 1), ">0"), O408) + (LN(1 + $Z409) ^ X$2) * X$3, 1)) -> 1736 | P409: =L409*$Y$2 -> 10148.75 | Q409: =M409*$Y$2 -> 992.25 | R409: =N409*$Y$2 -> 0 | S409: =O409*$Y$2 -> 434 | T409: =mround(B409/10,1)+1 -> 12 | Z409: =((1+average(D409,F409,H409,J409))^(B409-1)-1) -> 38.684182
A410: Pikeman | B410: 109 | C410: =C409+D409*C409 -> 58286.175 | D410: 0.05 | E410: =E409+F409*E409 -> 84.882576 | F410: 0.02 | G410: =G409+H409*G409 -> 8742.9262 | H410: 0.05 | I410: =I409+J409*I409 -> 381.97159 | J410: 0.02 | K410: 0 | L410: =IF(L409="", "", 1 + MROUND(IFERROR(MINIFS(OFFSET(L409, -1, 0, -$B410, 1), OFFSET(L409, -1, 0, -$B410, 1), ">0"), L409) + (LN(1 + $Z410) ^ U$2) * U$3, 1)) -> 41223 | M410: =IF(M409="", "", 1 + MROUND(IFERROR(MINIFS(OFFSET(M409, -1, 0, -$B410, 1), OFFSET(M409, -1, 0, -$B410, 1), ">0"), M409) + (LN(1 + $Z410) ^ V$2) * V$3, 1)) -> 4020 | N410: =IF(N409="", "", 1 + MROUND(IFERROR(MINIFS(OFFSET(N409, -1, 0, -$B410, 1), OFFSET(N409, -1, 0, -$B410, 1), ">0"), N409) + (LN(1 + $Z410) ^ W$2) * W$3, 1)) | O410: =IF(O409="", "", 1 + MROUND(IFERROR(MINIFS(OFFSET(O409, -1, 0, -$B410, 1), OFFSET(O409, -1, 0, -$B410, 1), ">0"), O409) + (LN(1 + $Z410) ^ X$2) * X$3, 1)) -> 1762 | P410: =L410*$Y$2 -> 10305.75 | Q410: =M410*$Y$2 -> 1005 | R410: =N410*$Y$2 -> 0 | S410: =O410*$Y$2 -> 440.5 | T410: =mround(B410/10,1)+1 -> 12 | Z410: =((1+average(D410,F410,H410,J410))^(B410-1)-1) -> 40.073128
A411: Pikeman | B411: 110 | C411: =C410+D410*C410 -> 61200.484 | D411: 0.05 | E411: =E410+F410*E410 -> 86.580227 | F411: 0.02 | G411: =G410+H410*G410 -> 9180.0725 | H411: 0.05 | I411: =I410+J410*I410 -> 389.61102 | J411: 0.02 | K411: 0 | L411: =IF(L410="", "", 1 + MROUND(IFERROR(MINIFS(OFFSET(L410, -1, 0, -$B411, 1), OFFSET(L410, -1, 0, -$B411, 1), ">0"), L410) + (LN(1 + $Z411) ^ U$2) * U$3, 1)) -> 41855 | M411: =IF(M410="", "", 1 + MROUND(IFERROR(MINIFS(OFFSET(M410, -1, 0, -$B411, 1), OFFSET(M410, -1, 0, -$B411, 1), ">0"), M410) + (LN(1 + $Z411) ^ V$2) * V$3, 1)) -> 4071 | N411: =IF(N410="", "", 1 + MROUND(IFERROR(MINIFS(OFFSET(N410, -1, 0, -$B411, 1), OFFSET(N410, -1, 0, -$B411, 1), ">0"), N410) + (LN(1 + $Z411) ^ W$2) * W$3, 1)) | O411: =IF(O410="", "", 1 + MROUND(IFERROR(MINIFS(OFFSET(O410, -1, 0, -$B411, 1), OFFSET(O410, -1, 0, -$B411, 1), ">0"), O410) + (LN(1 + $Z411) ^ X$2) * X$3, 1)) -> 1788 | P411: =L411*$Y$2 -> 10463.75 | Q411: =M411*$Y$2 -> 1017.75 | R411: =N411*$Y$2 -> 0 | S411: =O411*$Y$2 -> 447 | T411: =mround(B411/10,1)+1 -> 12 | Z411: =((1+average(D411,F411,H411,J411))^(B411-1)-1) -> 41.510687
A412: Pikeman | B412: 111 | C412: =C411+D411*C411 -> 64260.508 | D412: 0.05 | E412: =E411+F411*E411 -> 88.311832 | F412: 0.02 | G412: =G411+H411*G411 -> 9639.0762 | H412: 0.05 | I412: =I411+J411*I411 -> 397.40324 | J412: 0.02 | K412: 0 | L412: =IF(L411="", "", 1 + MROUND(IFERROR(MINIFS(OFFSET(L411, -1, 0, -$B412, 1), OFFSET(L411, -1, 0, -$B412, 1), ">0"), L411) + (LN(1 + $Z412) ^ U$2) * U$3, 1)) -> 42491 | M412: =IF(M411="", "", 1 + MROUND(IFERROR(MINIFS(OFFSET(M411, -1, 0, -$B412, 1), OFFSET(M411, -1, 0, -$B412, 1), ">0"), M411) + (LN(1 + $Z412) ^ V$2) * V$3, 1)) -> 4123 | N412: =IF(N411="", "", 1 + MROUND(IFERROR(MINIFS(OFFSET(N411, -1, 0, -$B412, 1), OFFSET(N411, -1, 0, -$B412, 1), ">0"), N411) + (LN(1 + $Z412) ^ W$2) * W$3, 1)) | O412: =IF(O411="", "", 1 + MROUND(IFERROR(MINIFS(OFFSET(O411, -1, 0, -$B412, 1), OFFSET(O411, -1, 0, -$B412, 1), ">0"), O411) + (LN(1 + $Z412) ^ X$2) * X$3, 1)) -> 1814 | P412: =L412*$Y$2 -> 10622.75 | Q412: =M412*$Y$2 -> 1030.75 | R412: =N412*$Y$2 -> 0 | S412: =O412*$Y$2 -> 453.5 | T412: =mround(B412/10,1)+1 -> 12 | Z412: =((1+average(D412,F412,H412,J412))^(B412-1)-1) -> 42.998561
A413: Pikeman | B413: 112 | C413: =C412+D412*C412 -> 67473.533 | D413: 0.05 | E413: =E412+F412*E412 -> 90.078069 | F413: 0.02 | G413: =G412+H412*G412 -> 10121.03 | H413: 0.05 | I413: =I412+J412*I412 -> 405.35131 | J413: 0.02 | K413: 0 | L413: =IF(L412="", "", 1 + MROUND(IFERROR(MINIFS(OFFSET(L412, -1, 0, -$B413, 1), OFFSET(L412, -1, 0, -$B413, 1), ">0"), L412) + (LN(1 + $Z413) ^ U$2) * U$3, 1)) -> 43131 | M413: =IF(M412="", "", 1 + MROUND(IFERROR(MINIFS(OFFSET(M412, -1, 0, -$B413, 1), OFFSET(M412, -1, 0, -$B413, 1), ">0"), M412) + (LN(1 + $Z413) ^ V$2) * V$3, 1)) -> 4175 | N413: =IF(N412="", "", 1 + MROUND(IFERROR(MINIFS(OFFSET(N412, -1, 0, -$B413, 1), OFFSET(N412, -1, 0, -$B413, 1), ">0"), N412) + (LN(1 + $Z413) ^ W$2) * W$3, 1)) | O413: =IF(O412="", "", 1 + MROUND(IFERROR(MINIFS(OFFSET(O412, -1, 0, -$B413, 1), OFFSET(O412, -1, 0, -$B413, 1), ">0"), O412) + (LN(1 + $Z413) ^ X$2) * X$3, 1)) -> 1841 | P413: =L413*$Y$2 -> 10782.75 | Q413: =M413*$Y$2 -> 1043.75 | R413: =N413*$Y$2 -> 0 | S413: =O413*$Y$2 -> 460.25 | T413: =mround(B413/10,1)+1 -> 12 | Z413: =((1+average(D413,F413,H413,J413))^(B413-1)-1) -> 44.538511
... A500: Pikeman | B500: 199 | C500: =C499+D499*C499 -> 4705464.2 | D500: 0.05 | E500: =E499+F499*E499 -> 504.46845 | F500: 0.02 | G500: =G499+H499*G499 -> 705819.63 | H500: 0.05 | I500: =I499+J499*I499 -> 2270.108 | J500: 0.02 | K500: 0 | L500: =IF(L499="", "", 1 + MROUND(IFERROR(MINIFS(OFFSET(L499, -1, 0, -$B500, 1), OFFSET(L499, -1, 0, -$B500, 1), ">0"), L499) + (LN(1 + $Z500) ^ U$2) * U$3, 1)) -> 113217 | M500: =IF(M499="", "", 1 + MROUND(IFERROR(MINIFS(OFFSET(M499, -1, 0, -$B500, 1), OFFSET(M499, -1, 0, -$B500, 1), ">0"), M499) + (LN(1 + $Z500) ^ V$2) * V$3, 1)) -> 9863 | N500: =IF(N499="", "", 1 + MROUND(IFERROR(MINIFS(OFFSET(N499, -1, 0, -$B500, 1), OFFSET(N499, -1, 0, -$B500, 1), ">0"), N499) + (LN(1 + $Z500) ^ W$2) * W$3, 1)) | O500: =IF(O499="", "", 1 + MROUND(IFERROR(MINIFS(OFFSET(O499, -1, 0, -$B500, 1), OFFSET(O499, -1, 0, -$B500, 1), ">0"), O499) + (LN(1 + $Z500) ^ X$2) * X$3, 1)) -> 4729 | P500: =L500*$Y$2 -> 28304.25 | Q500: =M500*$Y$2 -> 2465.75 | R500: =N500*$Y$2 -> 0 | S500: =O500*$Y$2 -> 1182.25 | T500: =mround(B500/10,1)+1 -> 21 | Z500: =((1+average(D500,F500,H500,J500))^(B500-1)-1) -> 907.21623
A501: Pikeman | B501: 200 | C501: =C500+D500*C500 -> 4940737.4 | D501: 0.05 | E501: =E500+F500*E500 -> 514.55782 | F501: 0.02 | G501: =G500+H500*G500 -> 741110.61 | H501: 0.05 | I501: =I500+J500*I500 -> 2315.5102 | J501: 0.02 | K501: 0 | L501: =IF(L500="", "", 1 + MROUND(IFERROR(MINIFS(OFFSET(L500, -1, 0, -$B501, 1), OFFSET(L500, -1, 0, -$B501, 1), ">0"), L500) + (LN(1 + $Z501) ^ U$2) * U$3, 1)) -> 114179 | M501: =IF(M500="", "", 1 + MROUND(IFERROR(MINIFS(OFFSET(M500, -1, 0, -$B501, 1), OFFSET(M500, -1, 0, -$B501, 1), ">0"), M500) + (LN(1 + $Z501) ^ V$2) * V$3, 1)) -> 9941 | N501: =M501/10 -> 994.1 | O501: =IF(O500="", "", 1 + MROUND(IFERROR(MINIFS(OFFSET(O500, -1, 0, -$B501, 1), OFFSET(O500, -1, 0, -$B501, 1), ">0"), O500) + (LN(1 + $Z501) ^ X$2) * X$3, 1)) -> 4768 | P501: =L501*$Y$2 -> 28544.75 | Q501: =M501*$Y$2 -> 2485.25 | R501: =N501*$Y$2 -> 248.525 | S501: =O501*$Y$2 -> 1192 | T501: =mround(B501/10,1)+1 -> 21 | Z501: =((1+average(D501,F501,H501,J501))^(B501-1)-1) -> 939.0038
A502: Pikeman | B502: 201 | C502: =C501+D501*C501 -> 5187774.2 | D502: 0.05 | E502: =E501+F501*E501 -> 524.84897 | F502: 0.02 | G502: =G501+H501*G501 -> 778166.14 | H502: 0.05 | I502: =I501+J501*I501 -> 2361.8204 | J502: 0.02 | K502: 0 | L502: =IF(L501="", "", 1 + MROUND(IFERROR(MINIFS(OFFSET(L501, -1, 0, -$B502, 1), OFFSET(L501, -1, 0, -$B502, 1), ">0"), L501) + (LN(1 + $Z502) ^ U$2) * U$3, 1)) -> 115144 | M502: =IF(M501="", "", 1 + MROUND(IFERROR(MINIFS(OFFSET(M501, -1, 0, -$B502, 1), OFFSET(M501, -1, 0, -$B502, 1), ">0"), M501) + (LN(1 + $Z502) ^ V$2) * V$3, 1)) -> 10019 | N502: =IF(N501="", "", 1 + MROUND(IFERROR(MINIFS(OFFSET(N501, -1, 0, -$B502, 1), OFFSET(N501, -1, 0, -$B502, 1), ">0"), N501) + (LN(1 + $Z502) ^ W$2) * W$3, 1)) -> 1034 | O502: =IF(O501="", "", 1 + MROUND(IFERROR(MINIFS(OFFSET(O501, -1, 0, -$B502, 1), OFFSET(O501, -1, 0, -$B502, 1), ">0"), O501) + (LN(1 + $Z502) ^ X$2) * X$3, 1)) -> 4808 | P502: =L502*$Y$2 -> 28786 | Q502: =M502*$Y$2 -> 2504.75 | R502: =N502*$Y$2 -> 258.5 | S502: =O502*$Y$2 -> 1202 | T502: =mround(B502/10,1)+1 -> 21 | Z502: =((1+average(D502,F502,H502,J502))^(B502-1)-1) -> 971.90393
A503: Pikeman | B503: 202 | C503: =C502+D502*C502 -> 5447163 | D503: 0.05 | E503: =E502+F502*E502 -> 535.34595 | F503: 0.02 | G503: =G502+H502*G502 -> 817074.44 | H503: 0.05 | I503: =I502+J502*I502 -> 2409.0568 | J503: 0.02 | K503: 0 | L503: =IF(L502="", "", 1 + MROUND(IFERROR(MINIFS(OFFSET(L502, -1, 0, -$B503, 1), OFFSET(L502, -1, 0, -$B503, 1), ">0"), L502) + (LN(1 + $Z503) ^ U$2) * U$3, 1)) -> 116113 | M503: =IF(M502="", "", 1 + MROUND(IFERROR(MINIFS(OFFSET(M502, -1, 0, -$B503, 1), OFFSET(M502, -1, 0, -$B503, 1), ">0"), M502) + (LN(1 + $Z503) ^ V$2) * V$3, 1)) -> 10097 | N503: =IF(N502="", "", 1 + MROUND(IFERROR(MINIFS(OFFSET(N502, -1, 0, -$B503, 1), OFFSET(N502, -1, 0, -$B503, 1), ">0"), N502) + (LN(1 + $Z503) ^ W$2) * W$3, 1)) -> 1074 | O503: =IF(O502="", "", 1 + MROUND(IFERROR(MINIFS(OFFSET(O502, -1, 0, -$B503, 1), OFFSET(O502, -1, 0, -$B503, 1), ">0"), O502) + (LN(1 + $Z503) ^ X$2) * X$3, 1)) -> 4848 | P503: =L503*$Y$2 -> 29028.25 | Q503: =M503*$Y$2 -> 2524.25 | R503: =N503*$Y$2 -> 268.5 | S503: =O503*$Y$2 -> 1212 | T503: =mround(B503/10,1)+1 -> 21 | Z503: =((1+average(D503,F503,H503,J503))^(B503-1)-1) -> 1005.9556
A504: Pikeman | B504: 203 | C504: =C503+D503*C503 -> 5719521.1 | D504: 0.05 | E504: =E503+F503*E503 -> 546.05287 | F504: 0.02 | G504: =G503+H503*G503 -> 857928.17 | H504: 0.05 | I504: =I503+J503*I503 -> 2457.2379 | J504: 0.02 | K504: 0 | L504: =IF(L503="", "", 1 + MROUND(IFERROR(MINIFS(OFFSET(L503, -1, 0, -$B504, 1), OFFSET(L503, -1, 0, -$B504, 1), ">0"), L503) + (LN(1 + $Z504) ^ U$2) * U$3, 1)) -> 117085 | M504: =IF(M503="", "", 1 + MROUND(IFERROR(MINIFS(OFFSET(M503, -1, 0, -$B504, 1), OFFSET(M503, -1, 0, -$B504, 1), ">0"), M503) + (LN(1 + $Z504) ^ V$2) * V$3, 1)) -> 10176 | N504: =IF(N503="", "", 1 + MROUND(IFERROR(MINIFS(OFFSET(N503, -1, 0, -$B504, 1), OFFSET(N503, -1, 0, -$B504, 1), ">0"), N503) + (LN(1 + $Z504) ^ W$2) * W$3, 1)) -> 1114 | O504: =IF(O503="", "", 1 + MROUND(IFERROR(MINIFS(OFFSET(O503, -1, 0, -$B504, 1), OFFSET(O503, -1, 0, -$B504, 1), ">0"), O503) + (LN(1 + $Z504) ^ X$2) * X$3, 1)) -> 4888 | P504: =L504*$Y$2 -> 29271.25 | Q504: =M504*$Y$2 -> 2544 | R504: =N504*$Y$2 -> 278.5 | S504: =O504*$Y$2 -> 1222 | T504: =mround(B504/10,1)+1 -> 21 | Z504: =((1+average(D504,F504,H504,J504))^(B504-1)-1) -> 1041.199
A505: Pikeman | B505: 204 | C505: =C504+D504*C504 -> 6005497.2 | D505: 0.05 | E505: =E504+F504*E504 -> 556.97393 | F505: 0.02 | G505: =G504+H504*G504 -> 900824.57 | H505: 0.05 | I505: =I504+J504*I504 -> 2506.3827 | J505: 0.02 | K505: 0 | L505: =IF(L504="", "", 1 + MROUND(IFERROR(MINIFS(OFFSET(L504, -1, 0, -$B505, 1), OFFSET(L504, -1, 0, -$B505, 1), ">0"), L504) + (LN(1 + $Z505) ^ U$2) * U$3, 1)) -> 118061 | M505: =IF(M504="", "", 1 + MROUND(IFERROR(MINIFS(OFFSET(M504, -1, 0, -$B505, 1), OFFSET(M504, -1, 0, -$B505, 1), ">0"), M504) + (LN(1 + $Z505) ^ V$2) * V$3, 1)) -> 10255 | N505: =IF(N504="", "", 1 + MROUND(IFERROR(MINIFS(OFFSET(N504, -1, 0, -$B505, 1), OFFSET(N504, -1, 0, -$B505, 1), ">0"), N504) + (LN(1 + $Z505) ^ W$2) * W$3, 1)) -> 1154 | O505: =IF(O504="", "", 1 + MROUND(IFERROR(MINIFS(OFFSET(O504, -1, 0, -$B505, 1), OFFSET(O504, -1, 0, -$B505, 1), ">0"), O504) + (LN(1 + $Z505) ^ X$2) * X$3, 1)) -> 4928 | P505: =L505*$Y$2 -> 29515.25 | Q505: =M505*$Y$2 -> 2563.75 | R505: =N505*$Y$2 -> 288.5 | S505: =O505*$Y$2 -> 1232 | T505: =mround(B505/10,1)+1 -> 21 | Z505: =((1+average(D505,F505,H505,J505))^(B505-1)-1) -> 1077.676
A506: Pikeman | B506: 205 | C506: =C505+D505*C505 -> 6305772 | D506: 0.05 | E506: =E505+F505*E505 -> 568.11341 | F506: 0.02 | G506: =G505+H505*G505 -> 945865.8 | H506: 0.05 | I506: =I505+J505*I505 -> 2556.5103 | J506: 0.02 | K506: 0 | L506: =IF(L505="", "", 1 + MROUND(IFERROR(MINIFS(OFFSET(L505, -1, 0, -$B506, 1), OFFSET(L505, -1, 0, -$B506, 1), ">0"), L505) + (LN(1 + $Z506) ^ U$2) * U$3, 1)) -> 119040 | M506: =IF(M505="", "", 1 + MROUND(IFERROR(MINIFS(OFFSET(M505, -1, 0, -$B506, 1), OFFSET(M505, -1, 0, -$B506, 1), ">0"), M505) + (LN(1 + $Z506) ^ V$2) * V$3, 1)) -> 10334 | N506: =IF(N505="", "", 1 + MROUND(IFERROR(MINIFS(OFFSET(N505, -1, 0, -$B506, 1), OFFSET(N505, -1, 0, -$B506, 1), ">0"), N505) + (LN(1 + $Z506) ^ W$2) * W$3, 1)) -> 1194 | O506: =IF(O505="", "", 1 + MROUND(IFERROR(MINIFS(OFFSET(O505, -1, 0, -$B506, 1), OFFSET(O505, -1, 0, -$B506, 1), ">0"), O505) + (LN(1 + $Z506) ^ X$2) * X$3, 1)) -> 4968 | P506: =L506*$Y$2 -> 29760 | Q506: =M506*$Y$2 -> 2583.5 | R506: =N506*$Y$2 -> 298.5 | S506: =O506*$Y$2 -> 1242 | T506: =mround(B506/10,1)+1 -> 22 | Z506: =((1+average(D506,F506,H506,J506))^(B506-1)-1) -> 1115.4296
A507: Pikeman | B507: 206 | C507: =C506+D506*C506 -> 6621060.6 | D507: 0.05 | E507: =E506+F506*E506 -> 579.47568 | F507: 0.02 | G507: =G506+H506*G506 -> 993159.09 | H507: 0.05 | I507: =I506+J506*I506 -> 2607.6405 | J507: 0.02 | K507: 0 | L507: =IF(L506="", "", 1 + MROUND(IFERROR(MINIFS(OFFSET(L506, -1, 0, -$B507, 1), OFFSET(L506, -1, 0, -$B507, 1), ">0"), L506) + (LN(1 + $Z507) ^ U$2) * U$3, 1)) -> 120022 | M507: =IF(M506="", "", 1 + MROUND(IFERROR(MINIFS(OFFSET(M506, -1, 0, -$B507, 1), OFFSET(M506, -1, 0, -$B507, 1), ">0"), M506) + (LN(1 + $Z507) ^ V$2) * V$3, 1)) -> 10413 | N507: =IF(N506="", "", 1 + MROUND(IFERROR(MINIFS(OFFSET(N506, -1, 0, -$B507, 1), OFFSET(N506, -1, 0, -$B507, 1), ">0"), N506) + (LN(1 + $Z507) ^ W$2) * W$3, 1)) -> 1234 | O507: =IF(O506="", "", 1 + MROUND(IFERROR(MINIFS(OFFSET(O506, -1, 0, -$B507, 1), OFFSET(O506, -1, 0, -$B507, 1), ">0"), O506) + (LN(1 + $Z507) ^ X$2) * X$3, 1)) -> 5008 | P507: =L507*$Y$2 -> 30005.5 | Q507: =M507*$Y$2 -> 2603.25 | R507: =N507*$Y$2 -> 308.5 | S507: =O507*$Y$2 -> 1252 | T507: =mround(B507/10,1)+1 -> 22 | Z507: =((1+average(D507,F507,H507,J507))^(B507-1)-1) -> 1154.5047
A508: Pikeman | B508: 207 | C508: =C507+D507*C507 -> 6952113.7 | D508: 0.05 | E508: =E507+F507*E507 -> 591.06519 | F508: 0.02 | G508: =G507+H507*G507 -> 1042817 | H508: 0.05 | I508: =I507+J507*I507 -> 2659.7934 | J508: 0.02 | K508: 0 | L508: =IF(L507="", "", 1 + MROUND(IFERROR(MINIFS(OFFSET(L507, -1, 0, -$B508, 1), OFFSET(L507, -1, 0, -$B508, 1), ">0"), L507) + (LN(1 + $Z508) ^ U$2) * U$3, 1)) -> 121008 | M508: =IF(M507="", "", 1 + MROUND(IFERROR(MINIFS(OFFSET(M507, -1, 0, -$B508, 1), OFFSET(M507, -1, 0, -$B508, 1), ">0"), M507) + (LN(1 + $Z508) ^ V$2) * V$3, 1)) -> 10493 | N508: =IF(N507="", "", 1 + MROUND(IFERROR(MINIFS(OFFSET(N507, -1, 0, -$B508, 1), OFFSET(N507, -1, 0, -$B508, 1), ">0"), N507) + (LN(1 + $Z508) ^ W$2) * W$3, 1)) -> 1274 | O508: =IF(O507="", "", 1 + MROUND(IFERROR(MINIFS(OFFSET(O507, -1, 0, -$B508, 1), OFFSET(O507, -1, 0, -$B508, 1), ">0"), O507) + (LN(1 + $Z508) ^ X$2) * X$3, 1)) -> 5048 | P508: =L508*$Y$2 -> 30252 | Q508: =M508*$Y$2 -> 2623.25 | R508: =N508*$Y$2 -> 318.5 | S508: =O508*$Y$2 -> 1262 | T508: =mround(B508/10,1)+1 -> 22 | Z508: =((1+average(D508,F508,H508,J508))^(B508-1)-1) -> 1194.9473
A509: Pikeman | B509: 208 | C509: =C508+D508*C508 -> 7299719.3 | D509: 0.05 | E509: =E508+F508*E508 -> 602.88649 | F509: 0.02 | G509: =G508+H508*G508 -> 1094957.9 | H509: 0.05 | I509: =I508+J508*I508 -> 2712.9892 | J509: 0.02 | K509: 0 | L509: =IF(L508="", "", 1 + MROUND(IFERROR(MINIFS(OFFSET(L508, -1, 0, -$B509, 1), OFFSET(L508, -1, 0, -$B509, 1), ">0"), L508) + (LN(1 + $Z509) ^ U$2) * U$3, 1)) -> 121997 | M509: =IF(M508="", "", 1 + MROUND(IFERROR(MINIFS(OFFSET(M508, -1, 0, -$B509, 1), OFFSET(M508, -1, 0, -$B509, 1), ">0"), M508) + (LN(1 + $Z509) ^ V$2) * V$3, 1)) -> 10573 | N509: =IF(N508="", "", 1 + MROUND(IFERROR(MINIFS(OFFSET(N508, -1, 0, -$B509, 1), OFFSET(N508, -1, 0, -$B509, 1), ">0"), N508) + (LN(1 + $Z509) ^ W$2) * W$3, 1)) -> 1315 | O509: =IF(O508="", "", 1 + MROUND(IFERROR(MINIFS(OFFSET(O508, -1, 0, -$B509, 1), OFFSET(O508, -1, 0, -$B509, 1), ">0"), O508) + (LN(1 + $Z509) ^ X$2) * X$3, 1)) -> 5089 | P509: =L509*$Y$2 -> 30499.25 | Q509: =M509*$Y$2 -> 2643.25 | R509: =N509*$Y$2 -> 328.75 | S509: =O509*$Y$2 -> 1272.25 | T509: =mround(B509/10,1)+1 -> 22 | Z509: =((1+average(D509,F509,H509,J509))^(B509-1)-1) -> 1236.8055
A510: Pikeman | B510: 209 | C510: =C509+D509*C509 -> 7664705.3 | D510: 0.05 | E510: =E509+F509*E509 -> 614.94422 | F510: 0.02 | G510: =G509+H509*G509 -> 1149705.8 | H510: 0.05 | I510: =I509+J509*I509 -> 2767.249 | J510: 0.02 | K510: 0 | L510: =IF(L509="", "", 1 + MROUND(IFERROR(MINIFS(OFFSET(L509, -1, 0, -$B510, 1), OFFSET(L509, -1, 0, -$B510, 1), ">0"), L509) + (LN(1 + $Z510) ^ U$2) * U$3, 1)) -> 122989 | M510: =IF(M509="", "", 1 + MROUND(IFERROR(MINIFS(OFFSET(M509, -1, 0, -$B510, 1), OFFSET(M509, -1, 0, -$B510, 1), ">0"), M509) + (LN(1 + $Z510) ^ V$2) * V$3, 1)) -> 10653 | N510: =IF(N509="", "", 1 + MROUND(IFERROR(MINIFS(OFFSET(N509, -1, 0, -$B510, 1), OFFSET(N509, -1, 0, -$B510, 1), ">0"), N509) + (LN(1 + $Z510) ^ W$2) * W$3, 1)) -> 1356 | O510: =IF(O509="", "", 1 + MROUND(IFERROR(MINIFS(OFFSET(O509, -1, 0, -$B510, 1), OFFSET(O509, -1, 0, -$B510, 1), ">0"), O509) + (LN(1 + $Z510) ^ X$2) * X$3, 1)) -> 5130 | P510: =L510*$Y$2 -> 30747.25 | Q510: =M510*$Y$2 -> 2663.25 | R510: =N510*$Y$2 -> 339 | S510: =O510*$Y$2 -> 1282.5 | T510: =mround(B510/10,1)+1 -> 22 | Z510: =((1+average(D510,F510,H510,J510))^(B510-1)-1) -> 1280.1287
A511: Pikeman | B511: 210 | C511: =C510+D510*C510 -> 8047940.6 | D511: 0.05 | E511: =E510+F510*E510 -> 627.24311 | F511: 0.02 | G511: =G510+H510*G510 -> 1207191.1 | H511: 0.05 | I511: =I510+J510*I510 -> 2822.594 | J511: 0.02 | K511: 0 | L511: =IF(L510="", "", 1 + MROUND(IFERROR(MINIFS(OFFSET(L510, -1, 0, -$B511, 1), OFFSET(L510, -1, 0, -$B511, 1), ">0"), L510) + (LN(1 + $Z511) ^ U$2) * U$3, 1)) -> 123985 | M511: =IF(M510="", "", 1 + MROUND(IFERROR(MINIFS(OFFSET(M510, -1, 0, -$B511, 1), OFFSET(M510, -1, 0, -$B511, 1), ">0"), M510) + (LN(1 + $Z511) ^ V$2) * V$3, 1)) -> 10734 | N511: =IF(N510="", "", 1 + MROUND(IFERROR(MINIFS(OFFSET(N510, -1, 0, -$B511, 1), OFFSET(N510, -1, 0, -$B511, 1), ">0"), N510) + (LN(1 + $Z511) ^ W$2) * W$3, 1)) -> 1397 | O511: =IF(O510="", "", 1 + MROUND(IFERROR(MINIFS(OFFSET(O510, -1, 0, -$B511, 1), OFFSET(O510, -1, 0, -$B511, 1), ">0"), O510) + (LN(1 + $Z511) ^ X$2) * X$3, 1)) -> 5171 | P511: =L511*$Y$2 -> 30996.25 | Q511: =M511*$Y$2 -> 2683.5 | R511: =N511*$Y$2 -> 349.25 | S511: =O511*$Y$2 -> 1292.75 | T511: =mround(B511/10,1)+1 -> 22 | Z511: =((1+average(D511,F511,H511,J511))^(B511-1)-1) -> 1324.9682
A512: Pikeman | B512: 211 | C512: =C511+D511*C511 -> 8450337.6 | D512: 0.05 | E512: =E511+F511*E511 -> 639.78797 | F512: 0.02 | G512: =G511+H511*G511 -> 1267550.6 | H512: 0.05 | I512: =I511+J511*I511 -> 2879.0459 | J512: 0.02 | K512: 0 | L512: =IF(L511="", "", 1 + MROUND(IFERROR(MINIFS(OFFSET(L511, -1, 0, -$B512, 1), OFFSET(L511, -1, 0, -$B512, 1), ">0"), L511) + (LN(1 + $Z512) ^ U$2) * U$3, 1)) -> 124984 | M512: =IF(M511="", "", 1 + MROUND(IFERROR(MINIFS(OFFSET(M511, -1, 0, -$B512, 1), OFFSET(M511, -1, 0, -$B512, 1), ">0"), M511) + (LN(1 + $Z512) ^ V$2) * V$3, 1)) -> 10815 | N512: =IF(N511="", "", 1 + MROUND(IFERROR(MINIFS(OFFSET(N511, -1, 0, -$B512, 1), OFFSET(N511, -1, 0, -$B512, 1), ">0"), N511) + (LN(1 + $Z512) ^ W$2) * W$3, 1)) -> 1438 | O512: =IF(O511="", "", 1 + MROUND(IFERROR(MINIFS(OFFSET(O511, -1, 0, -$B512, 1), OFFSET(O511, -1, 0, -$B512, 1), ">0"), O511) + (LN(1 + $Z512) ^ X$2) * X$3, 1)) -> 5212 | P512: =L512*$Y$2 -> 31246 | Q512: =M512*$Y$2 -> 2703.75 | R512: =N512*$Y$2 -> 359.5 | S512: =O512*$Y$2 -> 1303 | T512: =mround(B512/10,1)+1 -> 22 | Z512: =((1+average(D512,F512,H512,J512))^(B512-1)-1) -> 1371.3771
A513: Pikeman | B513: 212 | C513: =C512+D512*C512 -> 8872854.5 | D513: 0.05 | E513: =E512+F512*E512 -> 652.58373 | F513: 0.02 | G513: =G512+H512*G512 -> 1330928.2 | H513: 0.05 | I513: =I512+J512*I512 -> 2936.6268 | J513: 0.02 | K513: 0 | L513: =IF(L512="", "", 1 + MROUND(IFERROR(MINIFS(OFFSET(L512, -1, 0, -$B513, 1), OFFSET(L512, -1, 0, -$B513, 1), ">0"), L512) + (LN(1 + $Z513) ^ U$2) * U$3, 1)) -> 125986 | M513: =IF(M512="", "", 1 + MROUND(IFERROR(MINIFS(OFFSET(M512, -1, 0, -$B513, 1), OFFSET(M512, -1, 0, -$B513, 1), ">0"), M512) + (LN(1 + $Z513) ^ V$2) * V$3, 1)) -> 10896 | N513: =IF(N512="", "", 1 + MROUND(IFERROR(MINIFS(OFFSET(N512, -1, 0, -$B513, 1), OFFSET(N512, -1, 0, -$B513, 1), ">0"), N512) + (LN(1 + $Z513) ^ W$2) * W$3, 1)) -> 1479 | O513: =IF(O512="", "", 1 + MROUND(IFERROR(MINIFS(OFFSET(O512, -1, 0, -$B513, 1), OFFSET(O512, -1, 0, -$B513, 1), ">0"), O512) + (LN(1 + $Z513) ^ X$2) * X$3, 1)) -> 5253 | P513: =L513*$Y$2 -> 31496.5 | Q513: =M513*$Y$2 -> 2724 | R513: =N513*$Y$2 -> 369.75 | S513: =O513*$Y$2 -> 1313.25 | T513: =mround(B513/10,1)+1 -> 22 | Z513: =((1+average(D513,F513,H513,J513))^(B513-1)-1) -> 1419.4103
... A601: Pikeman | B601: 300 | C601: =C600+D600*C600 -> 6.4971318e+08 | D601: 0.05 | E601: =E600+F600*E600 -> 3727.7893 | F601: 0.02 | G601: =G600+H600*G600 -> 97456977 | H601: 0.05 | I601: =I600+J600*I600 -> 16775.052 | J601: 0.02 | K601: 0 | L601: =IF(L600="", "", 1 + MROUND(IFERROR(MINIFS(OFFSET(L600, -1, 0, -$B601, 1), OFFSET(L600, -1, 0, -$B601, 1), ">0"), L600) + (LN(1 + $Z601) ^ U$2) * U$3, 1)) -> 226710 | M601: =IF(M600="", "", 1 + MROUND(IFERROR(MINIFS(OFFSET(M600, -1, 0, -$B601, 1), OFFSET(M600, -1, 0, -$B601, 1), ">0"), M600) + (LN(1 + $Z601) ^ V$2) * V$3, 1)) -> 19033 | N601: =IF(N600="", "", 1 + MROUND(IFERROR(MINIFS(OFFSET(N600, -1, 0, -$B601, 1), OFFSET(N600, -1, 0, -$B601, 1), ">0"), N600) + (LN(1 + $Z601) ^ W$2) * W$3, 1)) -> 5592 | O601: =IF(O600="", "", 1 + MROUND(IFERROR(MINIFS(OFFSET(O600, -1, 0, -$B601, 1), OFFSET(O600, -1, 0, -$B601, 1), ">0"), O600) + (LN(1 + $Z601) ^ X$2) * X$3, 1)) -> 9366 | P601: =L601*$Y$2 -> 56677.5 | Q601: =M601*$Y$2 -> 4758.25 | R601: =N601*$Y$2 -> 1398 | S601: =O601*$Y$2 -> 2341.5 | T601: =mround(B601/10,1)+1 -> 31 | Z601: =((1+average(D601,F601,H601,J601))^(B601-1)-1) -> 29319.042
A602: Knight | B602: 1 | C602: 350 | D602: 0.05 | E602: 45 | F602: 0.02 | G602: 45 | H602: 0.05 | I602: 0 | J602: 0 | K602: 0 | N602: 5 | O602: 120 | P602: =L602*$Y$2 -> 0 | Q602: =M602*$Y$2 -> 0 | R602: =N602*$Y$2 -> 1.25 | S602: =O602*$Y$2 -> 30 | T602: =mround(B602/10,1)+1 -> 1 | Z602: =((1+average(D602,F602,H602,J602))^(B602-1)-1) -> 0
A603: Knight | B603: 2 | C603: =C602+D602*C602 -> 367.5 | D603: 0.05 | E603: =E602+F602*E602 -> 45.9 | F603: 0.02 | G603: =G602+H602*G602 -> 47.25 | H603: 0.05 | I603: =I602+J602*I602 -> 0 | J603: 0.02 | K603: 0 | L603: =IF(L602="", "", 1 + MROUND(IFERROR(MINIFS(OFFSET(L602, -1, 0, -$B603, 1), OFFSET(L602, -1, 0, -$B603, 1), ">0"), L602) + (LN(1 + $Z603) ^ U$2) * U$3, 1)) | M603: =IF(M602="", "", 1 + MROUND(IFERROR(MINIFS(OFFSET(M602, -1, 0, -$B603, 1), OFFSET(M602, -1, 0, -$B603, 1), ">0"), M602) + (LN(1 + $Z603) ^ V$2) * V$3, 1)) | N603: =IF(N602="", "", 1 + MROUND(IFERROR(MINIFS(OFFSET(N602, -1, 0, -$B603, 1), OFFSET(N602, -1, 0, -$B603, 1), ">0"), N602) + (LN(1 + $Z603) ^ W$2) * W$3, 1)) -> 7 | O603: =IF(O602="", "", 1 + MROUND(IFERROR(MINIFS(OFFSET(O602, -1, 0, -$B603, 1), OFFSET(O602, -1, 0, -$B603, 1), ">0"), O602) + (LN(1 + $Z603) ^ X$2) * X$3, 1)) -> 122 | P603: =L603*$Y$2 -> 0 | Q603: =M603*$Y$2 -> 0 | R603: =N603*$Y$2 -> 1.75 | S603: =O603*$Y$2 -> 30.5 | T603: =mround(B603/10,1)+1 -> 1 | Z603: =((1+average(D603,F603,H603,J603))^(B603-1)-1) -> 0.035
A604: Knight | B604: 3 | C604: =C603+D603*C603 -> 385.875 | D604: 0.05 | E604: =E603+F603*E603 -> 46.818 | F604: 0.02 | G604: =G603+H603*G603 -> 49.6125 | H604: 0.05 | I604: =I603+J603*I603 -> 0 | J604: 0.02 | K604: 0 | L604: =IF(L603="", "", 1 + MROUND(IFERROR(MINIFS(OFFSET(L603, -1, 0, -$B604, 1), OFFSET(L603, -1, 0, -$B604, 1), ">0"), L603) + (LN(1 + $Z604) ^ U$2) * U$3, 1)) | M604: =IF(M603="", "", 1 + MROUND(IFERROR(MINIFS(OFFSET(M603, -1, 0, -$B604, 1), OFFSET(M603, -1, 0, -$B604, 1), ">0"), M603) + (LN(1 + $Z604) ^ V$2) * V$3, 1)) | N604: =IF(N603="", "", 1 + MROUND(IFERROR(MINIFS(OFFSET(N603, -1, 0, -$B604, 1), OFFSET(N603, -1, 0, -$B604, 1), ">0"), N603) + (LN(1 + $Z604) ^ W$2) * W$3, 1)) -> 10 | O604: =IF(O603="", "", 1 + MROUND(IFERROR(MINIFS(OFFSET(O603, -1, 0, -$B604, 1), OFFSET(O603, -1, 0, -$B604, 1), ">0"), O603) + (LN(1 + $Z604) ^ X$2) * X$3, 1)) -> 125 | P604: =L604*$Y$2 -> 0 | Q604: =M604*$Y$2 -> 0 | R604: =N604*$Y$2 -> 2.5 | S604: =O604*$Y$2 -> 31.25 | T604: =mround(B604/10,1)+1 -> 1 | Z604: =((1+average(D604,F604,H604,J604))^(B604-1)-1) -> 0.071225
A605: Knight | B605: 4 | C605: =C604+D604*C604 -> 405.16875 | D605: 0.05 | E605: =E604+F604*E604 -> 47.75436 | F605: 0.02 | G605: =G604+H604*G604 -> 52.093125 | H605: 0.05 | I605: =I604+J604*I604 -> 0 | J605: 0.02 | K605: 0 | L605: =IF(L604="", "", 1 + MROUND(IFERROR(MINIFS(OFFSET(L604, -1, 0, -$B605, 1), OFFSET(L604, -1, 0, -$B605, 1), ">0"), L604) + (LN(1 + $Z605) ^ U$2) * U$3, 1)) | M605: =IF(M604="", "", 1 + MROUND(IFERROR(MINIFS(OFFSET(M604, -1, 0, -$B605, 1), OFFSET(M604, -1, 0, -$B605, 1), ">0"), M604) + (LN(1 + $Z605) ^ V$2) * V$3, 1)) | N605: =IF(N604="", "", 1 + MROUND(IFERROR(MINIFS(OFFSET(N604, -1, 0, -$B605, 1), OFFSET(N604, -1, 0, -$B605, 1), ">0"), N604) + (LN(1 + $Z605) ^ W$2) * W$3, 1)) -> 13 | O605: =IF(O604="", "", 1 + MROUND(IFERROR(MINIFS(OFFSET(O604, -1, 0, -$B605, 1), OFFSET(O604, -1, 0, -$B605, 1), ">0"), O604) + (LN(1 + $Z605) ^ X$2) * X$3, 1)) -> 128 | P605: =L605*$Y$2 -> 0 | Q605: =M605*$Y$2 -> 0 | R605: =N605*$Y$2 -> 3.25 | S605: =O605*$Y$2 -> 32 | T605: =mround(B605/10,1)+1 -> 1 | Z605: =((1+average(D605,F605,H605,J605))^(B605-1)-1) -> 0.10871788
A606: Knight | B606: 5 | C606: =C605+D605*C605 -> 425.42719 | D606: 0.05 | E606: =E605+F605*E605 -> 48.709447 | F606: 0.02 | G606: =G605+H605*G605 -> 54.697781 | H606: 0.05 | I606: =I605+J605*I605 -> 0 | J606: 0.02 | K606: 0 | L606: =IF(L605="", "", 1 + MROUND(IFERROR(MINIFS(OFFSET(L605, -1, 0, -$B606, 1), OFFSET(L605, -1, 0, -$B606, 1), ">0"), L605) + (LN(1 + $Z606) ^ U$2) * U$3, 1)) | M606: =IF(M605="", "", 1 + MROUND(IFERROR(MINIFS(OFFSET(M605, -1, 0, -$B606, 1), OFFSET(M605, -1, 0, -$B606, 1), ">0"), M605) + (LN(1 + $Z606) ^ V$2) * V$3, 1)) | N606: =IF(N605="", "", 1 + MROUND(IFERROR(MINIFS(OFFSET(N605, -1, 0, -$B606, 1), OFFSET(N605, -1, 0, -$B606, 1), ">0"), N605) + (LN(1 + $Z606) ^ W$2) * W$3, 1)) -> 16 | O606: =IF(O605="", "", 1 + MROUND(IFERROR(MINIFS(OFFSET(O605, -1, 0, -$B606, 1), OFFSET(O605, -1, 0, -$B606, 1), ">0"), O605) + (LN(1 + $Z606) ^ X$2) * X$3, 1)) -> 131 | P606: =L606*$Y$2 -> 0 | Q606: =M606*$Y$2 -> 0 | R606: =N606*$Y$2 -> 4 | S606: =O606*$Y$2 -> 32.75 | T606: =mround(B606/10,1)+1 -> 2 | Z606: =((1+average(D606,F606,H606,J606))^(B606-1)-1) -> 0.147523
A607: Knight | B607: 6 | C607: =C606+D606*C606 -> 446.69855 | D607: 0.05 | E607: =E606+F606*E606 -> 49.683636 | F607: 0.02 | G607: =G606+H606*G606 -> 57.43267 | H607: 0.05 | I607: =I606+J606*I606 -> 0 | J607: 0.02 | K607: 0 | L607: =IF(L606="", "", 1 + MROUND(IFERROR(MINIFS(OFFSET(L606, -1, 0, -$B607, 1), OFFSET(L606, -1, 0, -$B607, 1), ">0"), L606) + (LN(1 + $Z607) ^ U$2) * U$3, 1)) | M607: =IF(M606="", "", 1 + MROUND(IFERROR(MINIFS(OFFSET(M606, -1, 0, -$B607, 1), OFFSET(M606, -1, 0, -$B607, 1), ">0"), M606) + (LN(1 + $Z607) ^ V$2) * V$3, 1)) | N607: =IF(N606="", "", 1 + MROUND(IFERROR(MINIFS(OFFSET(N606, -1, 0, -$B607, 1), OFFSET(N606, -1, 0, -$B607, 1), ">0"), N606) + (LN(1 + $Z607) ^ W$2) * W$3, 1)) -> 20 | O607: =IF(O606="", "", 1 + MROUND(IFERROR(MINIFS(OFFSET(O606, -1, 0, -$B607, 1), OFFSET(O606, -1, 0, -$B607, 1), ">0"), O606) + (LN(1 + $Z607) ^ X$2) * X$3, 1)) -> 135 | P607: =L607*$Y$2 -> 0 | Q607: =M607*$Y$2 -> 0 | R607: =N607*$Y$2 -> 5 | S607: =O607*$Y$2 -> 33.75 | T607: =mround(B607/10,1)+1 -> 2 | Z607: =((1+average(D607,F607,H607,J607))^(B607-1)-1) -> 0.18768631
A608: Knight | B608: 7 | C608: =C607+D607*C607 -> 469.03347 | D608: 0.05 | E608: =E607+F607*E607 -> 50.677309 | F608: 0.02 | G608: =G607+H607*G607 -> 60.304304 | H608: 0.05 | I608: =I607+J607*I607 -> 0 | J608: 0.02 | K608: 0 | L608: =IF(L607="", "", 1 + MROUND(IFERROR(MINIFS(OFFSET(L607, -1, 0, -$B608, 1), OFFSET(L607, -1, 0, -$B608, 1), ">0"), L607) + (LN(1 + $Z608) ^ U$2) * U$3, 1)) | M608: =IF(M607="", "", 1 + MROUND(IFERROR(MINIFS(OFFSET(M607, -1, 0, -$B608, 1), OFFSET(M607, -1, 0, -$B608, 1), ">0"), M607) + (LN(1 + $Z608) ^ V$2) * V$3, 1)) | N608: =IF(N607="", "", 1 + MROUND(IFERROR(MINIFS(OFFSET(N607, -1, 0, -$B608, 1), OFFSET(N607, -1, 0, -$B608, 1), ">0"), N607) + (LN(1 + $Z608) ^ W$2) * W$3, 1)) -> 24 | O608: =IF(O607="", "", 1 + MROUND(IFERROR(MINIFS(OFFSET(O607, -1, 0, -$B608, 1), OFFSET(O607, -1, 0, -$B608, 1), ">0"), O607) + (LN(1 + $Z608) ^ X$2) * X$3, 1)) -> 139 | P608: =L608*$Y$2 -> 0 | Q608: =M608*$Y$2 -> 0 | R608: =N608*$Y$2 -> 6 | S608: =O608*$Y$2 -> 34.75 | T608: =mround(B608/10,1)+1 -> 2 | Z608: =((1+average(D608,F608,H608,J608))^(B608-1)-1) -> 0.22925533
A609: Knight | B609: 8 | C609: =C608+D608*C608 -> 492.48515 | D609: 0.05 | E609: =E608+F608*E608 -> 51.690855 | F609: 0.02 | G609: =G608+H608*G608 -> 63.319519 | H609: 0.05 | I609: =I608+J608*I608 -> 0 | J609: 0.02 | K609: 0 | L609: =IF(L608="", "", 1 + MROUND(IFERROR(MINIFS(OFFSET(L608, -1, 0, -$B609, 1), OFFSET(L608, -1, 0, -$B609, 1), ">0"), L608) + (LN(1 + $Z609) ^ U$2) * U$3, 1)) | M609: =IF(M608="", "", 1 + MROUND(IFERROR(MINIFS(OFFSET(M608, -1, 0, -$B609, 1), OFFSET(M608, -1, 0, -$B609, 1), ">0"), M608) + (LN(1 + $Z609) ^ V$2) * V$3, 1)) | N609: =IF(N608="", "", 1 + MROUND(IFERROR(MINIFS(OFFSET(N608, -1, 0, -$B609, 1), OFFSET(N608, -1, 0, -$B609, 1), ">0"), N608) + (LN(1 + $Z609) ^ W$2) * W$3, 1)) -> 29 | O609: =IF(O608="", "", 1 + MROUND(IFERROR(MINIFS(OFFSET(O608, -1, 0, -$B609, 1), OFFSET(O608, -1, 0, -$B609, 1), ">0"), O608) + (LN(1 + $Z609) ^ X$2) * X$3, 1)) -> 144 | P609: =L609*$Y$2 -> 0 | Q609: =M609*$Y$2 -> 0 | R609: =N609*$Y$2 -> 7.25 | S609: =O609*$Y$2 -> 36 | T609: =mround(B609/10,1)+1 -> 2 | Z609: =((1+average(D609,F609,H609,J609))^(B609-1)-1) -> 0.27227926
A610: Knight | B610: 9 | C610: =C609+D609*C609 -> 517.10941 | D610: 0.05 | E610: =E609+F609*E609 -> 52.724672 | F610: 0.02 | G610: =G609+H609*G609 -> 66.485495 | H610: 0.05 | I610: =I609+J609*I609 -> 0 | J610: 0.02 | K610: 0 | L610: =IF(L609="", "", 1 + MROUND(IFERROR(MINIFS(OFFSET(L609, -1, 0, -$B610, 1), OFFSET(L609, -1, 0, -$B610, 1), ">0"), L609) + (LN(1 + $Z610) ^ U$2) * U$3, 1)) | M610: =IF(M609="", "", 1 + MROUND(IFERROR(MINIFS(OFFSET(M609, -1, 0, -$B610, 1), OFFSET(M609, -1, 0, -$B610, 1), ">0"), M609) + (LN(1 + $Z610) ^ V$2) * V$3, 1)) | N610: =IF(N609="", "", 1 + MROUND(IFERROR(MINIFS(OFFSET(N609, -1, 0, -$B610, 1), OFFSET(N609, -1, 0, -$B610, 1), ">0"), N609) + (LN(1 + $Z610) ^ W$2) * W$3, 1)) -> 34 | O610: =IF(O609="", "", 1 + MROUND(IFERROR(MINIFS(OFFSET(O609, -1, 0, -$B610, 1), OFFSET(O609, -1, 0, -$B610, 1), ">0"), O609) + (LN(1 + $Z610) ^ X$2) * X$3, 1)) -> 149 | P610: =L610*$Y$2 -> 0 | Q610: =M610*$Y$2 -> 0 | R610: =N610*$Y$2 -> 8.5 | S610: =O610*$Y$2 -> 37.25 | T610: =mround(B610/10,1)+1 -> 2 | Z610: =((1+average(D610,F610,H610,J610))^(B610-1)-1) -> 0.31680904
A611: Knight | B611: 10 | C611: =C610+D610*C610 -> 542.96488 | D611: 0.05 | E611: =E610+F610*E610 -> 53.779166 | F611: 0.02 | G611: =G610+H610*G610 -> 69.80977 | H611: 0.05 | I611: =I610+J610*I610 -> 0 | J611: 0.02 | K611: 0 | L611: =IF(L610="", "", 1 + MROUND(IFERROR(MINIFS(OFFSET(L610, -1, 0, -$B611, 1), OFFSET(L610, -1, 0, -$B611, 1), ">0"), L610) + (LN(1 + $Z611) ^ U$2) * U$3, 1)) | M611: =IF(M610="", "", 1 + MROUND(IFERROR(MINIFS(OFFSET(M610, -1, 0, -$B611, 1), OFFSET(M610, -1, 0, -$B611, 1), ">0"), M610) + (LN(1 + $Z611) ^ V$2) * V$3, 1)) | N611: =IF(N610="", "", 1 + MROUND(IFERROR(MINIFS(OFFSET(N610, -1, 0, -$B611, 1), OFFSET(N610, -1, 0, -$B611, 1), ">0"), N610) + (LN(1 + $Z611) ^ W$2) * W$3, 1)) -> 39 | O611: =IF(O610="", "", 1 + MROUND(IFERROR(MINIFS(OFFSET(O610, -1, 0, -$B611, 1), OFFSET(O610, -1, 0, -$B611, 1), ">0"), O610) + (LN(1 + $Z611) ^ X$2) * X$3, 1)) -> 154 | P611: =L611*$Y$2 -> 0 | Q611: =M611*$Y$2 -> 0 | R611: =N611*$Y$2 -> 9.75 | S611: =O611*$Y$2 -> 38.5 | T611: =mround(B611/10,1)+1 -> 2 | Z611: =((1+average(D611,F611,H611,J611))^(B611-1)-1) -> 0.36289735
A612: Knight | B612: 11 | C612: =C611+D611*C611 -> 570.11312 | D612: 0.05 | E612: =E611+F611*E611 -> 54.854749 | F612: 0.02 | G612: =G611+H611*G611 -> 73.300258 | H612: 0.05 | I612: =I611+J611*I611 -> 0 | J612: 0.02 | K612: 0 | L612: =IF(L611="", "", 1 + MROUND(IFERROR(MINIFS(OFFSET(L611, -1, 0, -$B612, 1), OFFSET(L611, -1, 0, -$B612, 1), ">0"), L611) + (LN(1 + $Z612) ^ U$2) * U$3, 1)) | M612: =IF(M611="", "", 1 + MROUND(IFERROR(MINIFS(OFFSET(M611, -1, 0, -$B612, 1), OFFSET(M611, -1, 0, -$B612, 1), ">0"), M611) + (LN(1 + $Z612) ^ V$2) * V$3, 1)) | N612: =IF(N611="", "", 1 + MROUND(IFERROR(MINIFS(OFFSET(N611, -1, 0, -$B612, 1), OFFSET(N611, -1, 0, -$B612, 1), ">0"), N611) + (LN(1 + $Z612) ^ W$2) * W$3, 1)) -> 45 | O612: =IF(O611="", "", 1 + MROUND(IFERROR(MINIFS(OFFSET(O611, -1, 0, -$B612, 1), OFFSET(O611, -1, 0, -$B612, 1), ">0"), O611) + (LN(1 + $Z612) ^ X$2) * X$3, 1)) -> 160 | P612: =L612*$Y$2 -> 0 | Q612: =M612*$Y$2 -> 0 | R612: =N612*$Y$2 -> 11.25 | S612: =O612*$Y$2 -> 40 | T612: =mround(B612/10,1)+1 -> 2 | Z612: =((1+average(D612,F612,H612,J612))^(B612-1)-1) -> 0.41059876
A613: Knight | B613: 12 | C613: =C612+D612*C612 -> 598.61878 | D613: 0.05 | E613: =E612+F612*E612 -> 55.951844 | F613: 0.02 | G613: =G612+H612*G612 -> 76.965271 | H613: 0.05 | I613: =I612+J612*I612 -> 0 | J613: 0.02 | K613: 0 | L613: =IF(L612="", "", 1 + MROUND(IFERROR(MINIFS(OFFSET(L612, -1, 0, -$B613, 1), OFFSET(L612, -1, 0, -$B613, 1), ">0"), L612) + (LN(1 + $Z613) ^ U$2) * U$3, 1)) | M613: =IF(M612="", "", 1 + MROUND(IFERROR(MINIFS(OFFSET(M612, -1, 0, -$B613, 1), OFFSET(M612, -1, 0, -$B613, 1), ">0"), M612) + (LN(1 + $Z613) ^ V$2) * V$3, 1)) | N613: =IF(N612="", "", 1 + MROUND(IFERROR(MINIFS(OFFSET(N612, -1, 0, -$B613, 1), OFFSET(N612, -1, 0, -$B613, 1), ">0"), N612) + (LN(1 + $Z613) ^ W$2) * W$3, 1)) -> 51 | O613: =IF(O612="", "", 1 + MROUND(IFERROR(MINIFS(OFFSET(O612, -1, 0, -$B613, 1), OFFSET(O612, -1, 0, -$B613, 1), ">0"), O612) + (LN(1 + $Z613) ^ X$2) * X$3, 1)) -> 166 | P613: =L613*$Y$2 -> 0 | Q613: =M613*$Y$2 -> 0 | R613: =N613*$Y$2 -> 12.75 | S613: =O613*$Y$2 -> 41.5 | T613: =mround(B613/10,1)+1 -> 2 | Z613: =((1+average(D613,F613,H613,J613))^(B613-1)-1) -> 0.45996972
...
